id,tribunal_id,oooo,estado_id,comarca_id
1,1.0,1.0,1.0,2022
2,1.0,2.0,1.0,715
3,1.0,3.0,1.0,360
4,1.0,4.0,1.0,787
5,1.0,5.0,1.0,533
6,1.0,6.0,1.0,15
7,1.0,7.0,1.0,2662
8,1.0,8.0,1.0,1868
9,1.0,9.0,1.0,2367
10,1.0,10.0,1.0,383
11,1.0,11.0,1.0,2364
12,1.0,12.0,1.0,1391
13,1.0,13.0,1.0,824
14,1.0,14.0,1.0,2462
15,1.0,15.0,1.0,1381
16,1.0,16.0,1.0,206
17,1.0,17.0,1.0,2060
18,1.0,18.0,1.0,2153
19,1.0,19.0,1.0,1266
20,1.0,20.0,1.0,1926
21,1.0,21.0,1.0,1422
22,1.0,22.0,1.0,1906
23,1.0,70.0,1.0,2022
24,2.0,1.0,2.0,1359
25,2.0,2.0,2.0,163
26,2.0,3.0,2.0,1796
27,2.0,4.0,2.0,1686
28,2.0,5.0,2.0,2318
29,2.0,6.0,2.0,2573
30,2.0,7.0,2.0,1420
31,2.0,8.0,2.0,740
32,2.0,9.0,2.0,691
33,2.0,10.0,2.0,2165
34,2.0,11.0,2.0,2039
35,2.0,12.0,2.0,1701
36,2.0,13.0,2.0,1818
37,2.0,14.0,2.0,211
38,2.0,15.0,2.0,1550
39,2.0,16.0,2.0,1910
40,2.0,17.0,2.0,1404
41,2.0,19.0,2.0,2276
42,2.0,20.0,2.0,2634
43,2.0,21.0,2.0,522
44,2.0,22.0,2.0,319
45,2.0,23.0,2.0,2339
46,2.0,24.0,2.0,2481
47,2.0,25.0,2.0,893
48,2.0,26.0,2.0,1639
49,2.0,27.0,2.0,2126
50,2.0,29.0,2.0,279
51,2.0,30.0,2.0,467
52,2.0,31.0,2.0,2277
53,2.0,32.0,2.0,1922
54,2.0,33.0,2.0,1261
55,2.0,34.0,2.0,1809
56,2.0,35.0,2.0,1849
57,2.0,36.0,2.0,1280
58,2.0,37.0,2.0,1007
59,2.0,38.0,2.0,1628
60,2.0,39.0,2.0,826
61,2.0,40.0,2.0,1015
62,2.0,41.0,2.0,1412
63,2.0,42.0,2.0,1370
64,2.0,43.0,2.0,28
65,2.0,44.0,2.0,435
66,2.0,45.0,2.0,1913
67,2.0,46.0,2.0,2457
68,2.0,47.0,2.0,2515
69,2.0,48.0,2.0,1448
70,2.0,49.0,2.0,1439
71,2.0,50.0,2.0,102
72,2.0,51.0,2.0,1963
73,2.0,52.0,2.0,1734
74,2.0,53.0,2.0,1426
75,2.0,54.0,2.0,1329
76,2.0,55.0,2.0,420
77,2.0,56.0,2.0,838
78,2.0,57.0,2.0,1463
79,2.0,58.0,2.0,490
80,2.0,59.0,2.0,1765
81,2.0,60.0,2.0,1745
82,2.0,61.0,2.0,2209
83,3.0,1.0,3.0,1352
84,3.0,2.0,3.0,2170
85,3.0,3.0,3.0,1453
86,3.0,4.0,3.0,90
87,3.0,5.0,3.0,2463
88,3.0,6.0,3.0,833
89,3.0,7.0,3.0,438
90,3.0,8.0,3.0,1312
91,3.0,9.0,3.0,1638
92,3.0,10.0,3.0,2375
93,3.0,11.0,3.0,1919
94,3.0,12.0,3.0,2648
95,4.0,1.0,4.0,1380
96,4.0,15.0,4.0,1380
97,4.0,16.0,4.0,1380
98,4.0,20.0,4.0,1380
99,4.0,92.0,4.0,1380
100,4.0,1000.0,4.0,1380
101,4.0,1100.0,4.0,1380
102,4.0,1200.0,4.0,1380
103,4.0,1300.0,4.0,1380
104,4.0,2000.0,4.0,83
105,4.0,2100.0,4.0,129
106,4.0,2200.0,4.0,106
107,4.0,2300.0,4.0,143
108,4.0,2400.0,4.0,210
109,4.0,2500.0,4.0,222
110,4.0,2600.0,4.0,248
111,4.0,2700.0,4.0,268
112,4.0,2800.0,4.0,300
113,4.0,2900.0,4.0,305
114,4.0,3000.0,4.0,316
115,4.0,3100.0,4.0,320
116,4.0,3200.0,4.0,349
117,4.0,3300.0,4.0,395
118,4.0,3400.0,4.0,516
119,4.0,3500.0,4.0,543
120,4.0,3600.0,4.0,548
121,4.0,3700.0,4.0,549
122,4.0,3800.0,4.0,626
123,4.0,3900.0,4.0,628
124,4.0,4000.0,4.0,786
125,4.0,4100.0,4.0,772
126,4.0,4200.0,4.0,846
127,4.0,4300.0,4.0,928
128,4.0,4400.0,4.0,968
129,4.0,4500.0,4.0,1053
130,4.0,4600.0,4.0,1065
131,4.0,4700.0,4.0,1089
132,4.0,4800.0,4.0,1112
133,4.0,4900.0,4.0,1142
134,4.0,5000.0,4.0,1229
135,4.0,5100.0,4.0,1285
136,4.0,5200.0,4.0,1289
137,4.0,5300.0,4.0,1290
138,4.0,5400.0,4.0,1378
139,4.0,5500.0,4.0,1379
140,4.0,5600.0,4.0,1389
141,4.0,5700.0,4.0,1396
142,4.0,5800.0,4.0,1451
143,4.0,5900.0,4.0,1622
144,4.0,6000.0,4.0,1607
145,4.0,6100.0,4.0,1571
146,4.0,6200.0,4.0,1623
147,4.0,6300.0,4.0,1732
148,4.0,6400.0,4.0,1758
149,4.0,6500.0,4.0,1945
150,4.0,6600.0,4.0,2051
151,4.0,6700.0,4.0,2122
152,4.0,6800.0,4.0,2187
153,4.0,6900.0,4.0,2239
154,4.0,7000.0,4.0,2320
155,4.0,7100.0,4.0,2338
156,4.0,7200.0,4.0,2395
157,4.0,7300.0,4.0,2429
158,4.0,7400.0,4.0,2448
159,4.0,7500.0,4.0,2469
160,4.0,7600.0,4.0,2588
161,4.0,7700.0,4.0,2551
162,4.0,7800.0,4.0,2585
163,5.0,1.0,5.0,2092
164,5.0,2.0,5.0,4
165,5.0,3.0,5.0,9
166,5.0,4.0,5.0,47
167,5.0,5.0,5.0,49
168,5.0,6.0,5.0,94
169,5.0,7.0,5.0,95
170,5.0,8.0,5.0,96
171,5.0,9.0,5.0,103
172,5.0,10.0,5.0,114
173,5.0,11.0,5.0,123
174,5.0,12.0,5.0,130
175,5.0,13.0,5.0,141
176,5.0,14.0,5.0,151
177,5.0,15.0,5.0,217
178,5.0,16.0,5.0,230
179,5.0,17.0,5.0,232
180,5.0,18.0,5.0,264
181,5.0,19.0,5.0,251
182,5.0,20.0,5.0,255
183,5.0,21.0,5.0,258
184,5.0,22.0,5.0,267
185,5.0,23.0,5.0,293
186,5.0,24.0,5.0,294
187,5.0,25.0,5.0,315
188,5.0,26.0,5.0,317
189,5.0,27.0,5.0,331
190,5.0,28.0,5.0,348
191,5.0,29.0,5.0,354
192,5.0,30.0,5.0,369
193,5.0,31.0,5.0,373
194,5.0,32.0,5.0,376
195,5.0,33.0,5.0,381
196,5.0,34.0,5.0,415
197,5.0,35.0,5.0,424
198,5.0,36.0,5.0,427
199,5.0,37.0,5.0,441
200,5.0,38.0,5.0,442
201,5.0,39.0,5.0,443
202,5.0,40.0,5.0,444
203,5.0,41.0,5.0,472
204,5.0,42.0,5.0,493
205,5.0,43.0,5.0,494
206,5.0,44.0,5.0,496
207,5.0,45.0,5.0,501
208,5.0,46.0,5.0,510
209,5.0,47.0,5.0,515
210,5.0,48.0,5.0,521
211,5.0,49.0,5.0,525
212,5.0,50.0,5.0,545
213,5.0,51.0,5.0,552
214,5.0,52.0,5.0,573
215,5.0,53.0,5.0,582
216,5.0,54.0,5.0,591
217,5.0,55.0,5.0,600
218,5.0,56.0,5.0,616
219,5.0,57.0,5.0,618
220,5.0,58.0,5.0,621
221,5.0,59.0,5.0,625
222,5.0,61.0,5.0,642
223,5.0,62.0,5.0,645
224,5.0,63.0,5.0,649
225,5.0,64.0,5.0,650
226,5.0,65.0,5.0,659
227,5.0,66.0,5.0,660
228,5.0,67.0,5.0,669
229,5.0,68.0,5.0,674
230,5.0,69.0,5.0,686
231,5.0,70.0,5.0,695
232,5.0,71.0,5.0,708
233,5.0,72.0,5.0,712
234,5.0,73.0,5.0,728
235,5.0,74.0,5.0,749
236,5.0,75.0,5.0,781
237,5.0,76.0,5.0,784
238,5.0,77.0,5.0,799
239,5.0,78.0,5.0,809
240,5.0,79.0,5.0,811
241,5.0,80.0,5.0,825
242,5.0,81.0,5.0,849
243,5.0,82.0,5.0,875
244,5.0,83.0,5.0,885
245,5.0,84.0,5.0,889
246,5.0,85.0,5.0,897
247,5.0,87.0,5.0,911
248,5.0,88.0,5.0,930
249,5.0,89.0,5.0,949
250,5.0,90.0,5.0,971
251,5.0,91.0,5.0,978
252,5.0,92.0,5.0,979
253,5.0,93.0,5.0,983
254,5.0,94.0,5.0,988
255,5.0,95.0,5.0,989
256,5.0,96.0,5.0,990
257,5.0,97.0,5.0,993
258,5.0,98.0,5.0,996
259,5.0,99.0,5.0,998
260,5.0,100.0,5.0,1003
261,5.0,101.0,5.0,1008
262,5.0,102.0,5.0,1017
263,5.0,103.0,5.0,1027
264,5.0,104.0,5.0,1038
265,5.0,105.0,5.0,1049
266,5.0,106.0,5.0,1050
267,5.0,107.0,5.0,1064
268,5.0,108.0,5.0,1066
269,5.0,109.0,5.0,1067
270,5.0,110.0,5.0,1070
271,5.0,111.0,5.0,1078
272,5.0,112.0,5.0,1080
273,5.0,113.0,5.0,1086
274,5.0,114.0,5.0,1088
275,5.0,115.0,5.0,1090
276,5.0,116.0,5.0,1091
277,5.0,117.0,5.0,1092
278,5.0,118.0,5.0,1093
279,5.0,119.0,5.0,1109
280,5.0,120.0,5.0,1110
281,5.0,121.0,5.0,1113
282,5.0,122.0,5.0,1116
283,5.0,123.0,5.0,1120
284,5.0,124.0,5.0,1126
285,5.0,125.0,5.0,1127
286,5.0,126.0,5.0,1134
287,5.0,127.0,5.0,1138
288,5.0,128.0,5.0,1145
289,5.0,129.0,5.0,1155
290,5.0,130.0,5.0,1160
291,5.0,131.0,5.0,1174
292,5.0,132.0,5.0,1175
293,5.0,133.0,5.0,1176
294,5.0,134.0,5.0,1178
295,5.0,135.0,5.0,1179
296,5.0,136.0,5.0,1196
297,5.0,137.0,5.0,1202
298,5.0,138.0,5.0,1208
299,5.0,139.0,5.0,1210
300,5.0,140.0,5.0,1216
301,5.0,141.0,5.0,1244
302,5.0,142.0,5.0,1246
303,5.0,143.0,5.0,1251
304,5.0,144.0,5.0,1252
305,5.0,145.0,5.0,1256
306,5.0,146.0,5.0,1273
307,5.0,147.0,5.0,1287
308,5.0,148.0,5.0,1303
309,5.0,149.0,5.0,1310
310,5.0,150.0,5.0,1316
311,5.0,151.0,5.0,1323
312,5.0,152.0,5.0,1326
313,5.0,153.0,5.0,1335
314,5.0,154.0,5.0,1344
315,5.0,155.0,5.0,1354
316,5.0,156.0,5.0,1358
317,5.0,157.0,5.0,1362
318,5.0,158.0,5.0,1367
319,5.0,159.0,5.0,1373
320,5.0,160.0,5.0,1403
321,5.0,161.0,5.0,1405
322,5.0,162.0,5.0,1411
323,5.0,163.0,5.0,1417
324,5.0,164.0,5.0,1438
325,5.0,165.0,5.0,1454
326,5.0,166.0,5.0,1465
327,5.0,167.0,5.0,1468
328,5.0,168.0,5.0,1516
329,5.0,169.0,5.0,1527
330,5.0,170.0,5.0,1532
331,5.0,171.0,5.0,1540
332,5.0,172.0,5.0,1541
333,5.0,173.0,5.0,1545
334,5.0,174.0,5.0,1551
335,5.0,175.0,5.0,1552
336,5.0,176.0,5.0,1565
337,5.0,177.0,5.0,1573
338,5.0,178.0,5.0,1581
339,5.0,179.0,5.0,1592
340,5.0,180.0,5.0,1598
341,5.0,181.0,5.0,1615
342,5.0,182.0,5.0,1619
343,5.0,183.0,5.0,1642
344,5.0,184.0,5.0,1643
345,5.0,185.0,5.0,1681
346,5.0,186.0,5.0,1689
347,5.0,187.0,5.0,1718
348,5.0,188.0,5.0,1727
349,5.0,189.0,5.0,1733
350,5.0,190.0,5.0,1755
351,5.0,191.0,5.0,1763
352,5.0,192.0,5.0,1767
353,5.0,193.0,5.0,1811
354,5.0,194.0,5.0,1815
355,5.0,195.0,5.0,1822
356,5.0,196.0,5.0,1825
357,5.0,197.0,5.0,1860
358,5.0,198.0,5.0,1871
359,5.0,199.0,5.0,1879
360,5.0,200.0,5.0,1882
361,5.0,201.0,5.0,1923
362,5.0,202.0,5.0,1930
363,5.0,203.0,5.0,1934
364,5.0,204.0,5.0,1943
365,5.0,205.0,5.0,1947
366,5.0,206.0,5.0,1966
367,5.0,207.0,5.0,1973
368,5.0,208.0,5.0,1990
369,5.0,209.0,5.0,1998
370,5.0,210.0,5.0,1999
371,5.0,211.0,5.0,2001
372,5.0,212.0,5.0,2004
373,5.0,213.0,5.0,2008
374,5.0,214.0,5.0,2030
375,5.0,215.0,5.0,2032
376,5.0,216.0,5.0,2053
377,5.0,217.0,5.0,2059
378,5.0,218.0,5.0,2076
379,5.0,219.0,5.0,2101
380,5.0,220.0,5.0,2104
381,5.0,221.0,5.0,2119
382,5.0,222.0,5.0,2133
383,5.0,223.0,5.0,2135
384,5.0,224.0,5.0,2146
385,5.0,225.0,5.0,2157
386,5.0,226.0,5.0,2161
387,5.0,227.0,5.0,2171
388,5.0,228.0,5.0,2177
389,5.0,229.0,5.0,2184
390,5.0,230.0,5.0,2196
391,5.0,231.0,5.0,2216
392,5.0,232.0,5.0,2225
393,5.0,233.0,5.0,2227
394,5.0,234.0,5.0,2229
395,5.0,235.0,5.0,2233
396,5.0,236.0,5.0,2243
397,5.0,237.0,5.0,2249
398,5.0,238.0,5.0,2285
399,5.0,239.0,5.0,2337
400,5.0,240.0,5.0,2351
401,5.0,241.0,5.0,2359
402,5.0,242.0,5.0,2360
403,5.0,243.0,5.0,2361
404,5.0,244.0,5.0,2372
405,5.0,245.0,5.0,2373
406,5.0,246.0,5.0,2376
407,5.0,247.0,5.0,2378
408,5.0,248.0,5.0,2383
409,5.0,249.0,5.0,2386
410,5.0,250.0,5.0,2398
411,5.0,251.0,5.0,2406
412,5.0,252.0,5.0,2420
413,5.0,253.0,5.0,2446
414,5.0,254.0,5.0,2447
415,5.0,255.0,5.0,2452
416,5.0,256.0,5.0,2470
417,5.0,257.0,5.0,2478
418,5.0,258.0,5.0,2479
419,5.0,259.0,5.0,2488
420,5.0,260.0,5.0,2519
421,5.0,261.0,5.0,2535
422,5.0,262.0,5.0,2552
423,5.0,263.0,5.0,2554
424,5.0,264.0,5.0,2555
425,5.0,265.0,5.0,2557
426,5.0,266.0,5.0,2562
427,5.0,267.0,5.0,2570
428,5.0,268.0,5.0,2577
429,5.0,269.0,5.0,2586
430,5.0,270.0,5.0,2594
431,5.0,271.0,5.0,2598
432,5.0,272.0,5.0,2599
433,5.0,273.0,5.0,2612
434,5.0,274.0,5.0,2646
435,5.0,275.0,5.0,2656
436,5.0,276.0,5.0,2658
437,5.0,277.0,5.0,2665
438,6.0,1.0,6.0,855
439,6.0,2.0,6.0,855
440,6.0,3.0,6.0,855
441,6.0,4.0,6.0,855
442,6.0,5.0,6.0,855
443,6.0,6.0,6.0,855
444,6.0,7.0,6.0,855
445,6.0,8.0,6.0,855
446,6.0,9.0,6.0,855
447,6.0,10.0,6.0,855
448,6.0,11.0,6.0,855
449,6.0,12.0,6.0,855
450,6.0,13.0,6.0,855
451,6.0,14.0,6.0,855
452,6.0,15.0,6.0,855
453,6.0,16.0,6.0,855
454,6.0,17.0,6.0,855
455,6.0,18.0,6.0,855
456,6.0,19.0,6.0,855
457,6.0,20.0,6.0,855
458,6.0,21.0,6.0,855
459,6.0,22.0,6.0,855
460,6.0,23.0,6.0,855
461,6.0,24.0,6.0,855
462,6.0,25.0,6.0,855
463,6.0,27.0,6.0,11
464,6.0,28.0,6.0,12
465,6.0,29.0,6.0,14
466,6.0,30.0,6.0,41
467,6.0,31.0,6.0,79
468,6.0,32.0,6.0,99
469,6.0,34.0,6.0,146
470,6.0,35.0,6.0,149
471,6.0,75.0,6.0,812
472,6.0,76.0,6.0,816
473,6.0,77.0,6.0,853
474,6.0,78.0,6.0,856
475,6.0,79.0,6.0,866
476,6.0,80.0,6.0,914
477,6.0,81.0,6.0,919
478,6.0,84.0,6.0,937
479,6.0,85.0,6.0,963
480,6.0,86.0,6.0,965
481,6.0,87.0,6.0,977
482,6.0,88.0,6.0,980
483,6.0,89.0,6.0,999
484,6.0,90.0,6.0,1004
485,6.0,91.0,6.0,1021
486,6.0,92.0,6.0,1035
487,6.0,94.0,6.0,1048
488,6.0,95.0,6.0,1057
489,6.0,96.0,6.0,1060
490,6.0,97.0,6.0,1062
491,6.0,98.0,6.0,1069
492,6.0,99.0,6.0,1103
493,6.0,100.0,6.0,1125
494,6.0,101.0,6.0,1139
495,6.0,102.0,6.0,1139
496,6.0,103.0,6.0,1146
497,6.0,104.0,6.0,1162
498,6.0,105.0,6.0,1166
499,6.0,106.0,6.0,1212
500,6.0,107.0,6.0,1215
501,6.0,108.0,6.0,1218
502,6.0,109.0,6.0,1235
503,6.0,111.0,6.0,1249
504,6.0,112.0,6.0,1272
505,6.0,113.0,6.0,1274
506,6.0,114.0,6.0,1317
507,6.0,115.0,6.0,1331
508,6.0,116.0,6.0,1363
509,6.0,117.0,6.0,1402
510,6.0,118.0,6.0,1402
511,6.0,119.0,6.0,1407
512,6.0,120.0,6.0,1418
513,6.0,121.0,6.0,1437
514,6.0,122.0,6.0,1452
515,6.0,123.0,6.0,1461
516,6.0,124.0,6.0,1469
517,6.0,125.0,6.0,1488
518,6.0,126.0,6.0,1497
519,6.0,127.0,6.0,1501
520,6.0,128.0,6.0,1524
521,6.0,129.0,6.0,1529
522,6.0,130.0,6.0,1539
523,6.0,131.0,6.0,1543
524,6.0,132.0,6.0,1608
525,6.0,133.0,6.0,1613
526,6.0,134.0,6.0,1629
527,6.0,135.0,6.0,1651
528,6.0,136.0,6.0,1668
529,6.0,137.0,6.0,1671
530,6.0,138.0,6.0,1673
531,6.0,140.0,6.0,1706
532,6.0,141.0,6.0,1713
533,6.0,142.0,6.0,1717
534,6.0,143.0,6.0,1772
535,6.0,144.0,6.0,1797
536,6.0,145.0,6.0,1801
537,6.0,146.0,6.0,1826
538,6.0,147.0,6.0,1836
539,6.0,149.0,6.0,1903
540,6.0,150.0,6.0,1972
541,6.0,151.0,6.0,1974
542,6.0,152.0,6.0,1974
543,6.0,153.0,6.0,1975
544,6.0,154.0,6.0,1976
545,6.0,155.0,6.0,1977
546,6.0,156.0,6.0,1986
547,6.0,157.0,6.0,1992
548,6.0,158.0,6.0,2075
549,6.0,159.0,6.0,2079
550,6.0,160.0,6.0,2144
551,6.0,161.0,6.0,2162
552,6.0,162.0,6.0,2164
553,6.0,163.0,6.0,2199
554,6.0,164.0,6.0,2246
555,6.0,166.0,6.0,2370
556,6.0,167.0,6.0,2407
557,6.0,168.0,6.0,2413
558,6.0,169.0,6.0,2432
559,6.0,170.0,6.0,2441
560,6.0,171.0,6.0,2467
561,6.0,172.0,6.0,2467
562,6.0,173.0,6.0,2493
563,6.0,174.0,6.0,2493
564,6.0,175.0,6.0,2516
565,6.0,176.0,6.0,2556
566,6.0,177.0,6.0,2568
567,6.0,178.0,6.0,2584
568,6.0,179.0,6.0,2590
569,6.0,180.0,6.0,2609
570,6.0,181.0,6.0,2610
571,6.0,182.0,6.0,2632
572,6.0,183.0,6.0,1469
573,6.0,184.0,6.0,1461
574,6.0,185.0,6.0,1608
575,6.0,186.0,6.0,1797
576,6.0,187.0,6.0,1974
577,6.0,188.0,6.0,2467
578,6.0,189.0,6.0,2144
579,6.0,190.0,6.0,1974
580,6.0,191.0,6.0,2413
581,6.0,192.0,6.0,1062
582,6.0,193.0,6.0,1797
583,6.0,194.0,6.0,554
584,6.0,195.0,6.0,1673
585,6.0,196.0,6.0,980
586,6.0,197.0,6.0,1218
587,6.0,198.0,6.0,1212
588,6.0,199.0,6.0,2590
589,6.0,200.0,6.0,2413
590,6.0,201.0,6.0,99
591,6.0,203.0,6.0,1635
592,6.0,204.0,6.0,1539
593,6.0,205.0,6.0,2075
594,6.0,206.0,6.0,551
595,6.0,207.0,6.0,1903
596,6.0,208.0,6.0,1057
597,6.0,209.0,6.0,174
598,6.0,210.0,6.0,79
599,6.0,211.0,6.0,486
600,6.0,212.0,6.0,2432
601,6.0,213.0,6.0,1437
602,6.0,214.0,6.0,205
603,6.0,215.0,6.0,1069
604,6.0,216.0,6.0,2584
605,6.0,217.0,6.0,1048
606,8.0,1.0,8.0,21
607,8.0,2.0,8.0,30
608,8.0,3.0,8.0,39
609,8.0,4.0,8.0,50
610,8.0,5.0,8.0,56
611,8.0,6.0,8.0,78
612,8.0,7.0,8.0,113
613,8.0,8.0,8.0,137
614,8.0,9.0,8.0,152
615,8.0,10.0,8.0,213
616,8.0,11.0,8.0,233
617,8.0,12.0,8.0,253
618,8.0,13.0,8.0,314
619,8.0,14.0,8.0,334
620,8.0,15.0,8.0,419
621,8.0,16.0,8.0,550
622,8.0,17.0,8.0,581
623,8.0,18.0,8.0,550
624,8.0,19.0,8.0,631
625,8.0,20.0,8.0,641
626,8.0,21.0,8.0,648
627,8.0,22.0,8.0,762
628,8.0,23.0,8.0,764
629,8.0,24.0,8.0,770
630,8.0,25.0,8.0,871
631,8.0,26.0,8.0,923
632,8.0,27.0,8.0,945
633,8.0,28.0,8.0,975
634,8.0,29.0,8.0,985
635,8.0,30.0,8.0,985
636,8.0,31.0,8.0,995
637,8.0,32.0,8.0,1005
638,8.0,33.0,8.0,1094
639,8.0,34.0,8.0,1131
640,8.0,35.0,8.0,1159
641,8.0,36.0,8.0,1188
642,8.0,37.0,8.0,1211
643,8.0,38.0,8.0,1247
644,8.0,39.0,8.0,1311
645,8.0,41.0,8.0,1333
646,8.0,42.0,8.0,1393
647,8.0,43.0,8.0,1409
648,8.0,44.0,8.0,1421
649,8.0,45.0,8.0,1429
650,8.0,46.0,8.0,1470
651,8.0,47.0,8.0,1503
652,8.0,48.0,8.0,1542
653,8.0,49.0,8.0,1546
654,8.0,50.0,8.0,1547
655,8.0,51.0,8.0,1618
656,8.0,52.0,8.0,1698
657,8.0,53.0,8.0,1783
658,8.0,54.0,8.0,1833
659,8.0,55.0,8.0,1866
660,8.0,56.0,8.0,1948
661,8.0,57.0,8.0,2019
662,8.0,58.0,8.0,2044
663,8.0,59.0,8.0,2124
664,8.0,60.0,8.0,2221
665,8.0,61.0,8.0,2136
666,8.0,62.0,8.0,2240
667,8.0,63.0,8.0,2281
668,8.0,64.0,8.0,2603
669,8.0,65.0,8.0,2619
670,8.0,66.0,8.0,2650
671,8.0,67.0,8.0,2650
672,8.0,68.0,8.0,2650
673,8.0,69.0,8.0,2650
674,8.0,70.0,8.0,2650
675,8.0,71.0,8.0,2650
676,8.0,72.0,8.0,2650
677,8.0,73.0,8.0,2650
678,8.0,74.0,8.0,2650
679,8.0,75.0,8.0,2650
680,8.0,76.0,8.0,2629
681,8.0,78.0,8.0,2156
682,8.0,79.0,8.0,2156
683,8.0,80.0,8.0,2309
684,8.0,81.0,8.0,2380
685,8.0,82.0,8.0,2380
686,8.0,83.0,8.0,2639
687,8.0,84.0,8.0,2639
688,8.0,85.0,8.0,2639
689,9.0,1.0,9.0,1
690,9.0,2.0,9.0,16
691,9.0,3.0,9.0,54
692,9.0,4.0,9.0,73
693,9.0,5.0,9.0,85
694,9.0,6.0,9.0,109
695,9.0,7.0,9.0,109
696,9.0,8.0,9.0,109
697,9.0,9.0,9.0,109
698,9.0,10.0,9.0,126
699,9.0,11.0,9.0,134
700,9.0,12.0,9.0,134
701,9.0,13.0,9.0,153
702,9.0,14.0,9.0,155
703,9.0,15.0,9.0,219
704,9.0,16.0,9.0,272
705,9.0,17.0,9.0,285
706,9.0,18.0,9.0,332
707,9.0,19.0,9.0,387
708,9.0,20.0,9.0,410
709,9.0,21.0,9.0,423
710,9.0,22.0,9.0,423
711,9.0,23.0,9.0,429
712,9.0,24.0,9.0,439
713,9.0,25.0,9.0,439
714,9.0,26.0,9.0,482
715,9.0,27.0,9.0,482
716,9.0,28.0,9.0,563
717,9.0,29.0,9.0,585
718,9.0,30.0,9.0,585
719,9.0,31.0,9.0,593
720,9.0,32.0,9.0,602
721,9.0,33.0,9.0,602
722,9.0,34.0,9.0,688
723,9.0,35.0,9.0,690
724,9.0,36.0,9.0,704
725,9.0,37.0,9.0,704
726,9.0,38.0,9.0,709
727,9.0,39.0,9.0,722
728,9.0,40.0,9.0,771
729,9.0,41.0,9.0,805
730,9.0,42.0,9.0,823
731,9.0,43.0,9.0,837
732,9.0,44.0,9.0,850
733,9.0,45.0,9.0,850
734,9.0,46.0,9.0,852
735,9.0,47.0,9.0,899
736,9.0,48.0,9.0,900
737,9.0,49.0,9.0,902
738,9.0,50.0,9.0,902
739,9.0,51.0,9.0,903
740,9.0,52.0,9.0,903
741,9.0,53.0,9.0,903
742,9.0,54.0,9.0,903
743,9.0,55.0,9.0,903
744,9.0,56.0,9.0,903
745,9.0,57.0,9.0,903
746,9.0,58.0,9.0,903
747,9.0,59.0,9.0,903
748,9.0,60.0,9.0,903
749,9.0,61.0,9.0,903
750,9.0,62.0,9.0,903
751,9.0,63.0,9.0,903
752,9.0,64.0,9.0,905
753,9.0,65.0,9.0,906
754,9.0,66.0,9.0,906
755,9.0,67.0,9.0,908
756,9.0,68.0,9.0,908
757,9.0,69.0,9.0,933
758,9.0,70.0,9.0,933
759,9.0,71.0,9.0,964
760,9.0,72.0,9.0,1041
761,9.0,73.0,9.0,1041
762,9.0,74.0,9.0,1043
763,9.0,75.0,9.0,1043
764,9.0,76.0,9.0,1056
765,9.0,77.0,9.0,1056
766,9.0,78.0,9.0,1073
767,9.0,79.0,9.0,1081
768,9.0,80.0,9.0,1081
769,9.0,81.0,9.0,1097
770,9.0,82.0,9.0,1105
771,9.0,83.0,9.0,1123
772,9.0,84.0,9.0,1143
773,9.0,85.0,9.0,1153
774,9.0,86.0,9.0,1168
775,9.0,87.0,9.0,1181
776,9.0,88.0,9.0,1181
777,9.0,89.0,9.0,1191
778,9.0,90.0,9.0,1224
779,9.0,91.0,9.0,1231
780,9.0,92.0,9.0,1231
781,9.0,93.0,9.0,1239
782,9.0,94.0,9.0,1239
783,9.0,95.0,9.0,1269
784,9.0,96.0,9.0,1269
785,9.0,97.0,9.0,1288
786,9.0,98.0,9.0,1288
787,9.0,99.0,9.0,1325
788,9.0,100.0,9.0,1347
789,9.0,101.0,9.0,1347
790,9.0,102.0,9.0,1395
791,9.0,103.0,9.0,1471
792,9.0,104.0,9.0,1471
793,9.0,105.0,9.0,1473
794,9.0,106.0,9.0,1473
795,9.0,107.0,9.0,1530
796,9.0,108.0,9.0,1530
797,9.0,109.0,9.0,1533
798,9.0,110.0,9.0,1536
799,9.0,111.0,9.0,1566
800,9.0,112.0,9.0,1569
801,9.0,113.0,9.0,1576
802,9.0,114.0,9.0,1576
803,9.0,115.0,9.0,1646
804,9.0,116.0,9.0,1674
805,9.0,117.0,9.0,1688
806,9.0,118.0,9.0,1696
807,9.0,119.0,9.0,1721
808,9.0,120.0,9.0,1730
809,9.0,121.0,9.0,1730
810,9.0,122.0,9.0,1806
811,9.0,123.0,9.0,1839
812,9.0,124.0,9.0,1839
813,9.0,125.0,9.0,1850
814,9.0,126.0,9.0,1857
815,9.0,127.0,9.0,1858
816,9.0,128.0,9.0,1869
817,9.0,129.0,9.0,1892
818,9.0,130.0,9.0,1898
819,9.0,131.0,9.0,1898
820,9.0,132.0,9.0,1929
821,9.0,133.0,9.0,1929
822,9.0,134.0,9.0,1971
823,9.0,135.0,9.0,1971
824,9.0,136.0,9.0,2006
825,9.0,137.0,9.0,2056
826,9.0,138.0,9.0,2056
827,9.0,139.0,9.0,2073
828,9.0,140.0,9.0,2095
829,9.0,141.0,9.0,2106
830,9.0,142.0,9.0,2115
831,9.0,143.0,9.0,2312
832,9.0,144.0,9.0,2394
833,9.0,145.0,9.0,2226
834,9.0,146.0,9.0,2299
835,9.0,147.0,9.0,2299
836,9.0,148.0,9.0,2456
837,9.0,149.0,9.0,2530
838,9.0,150.0,9.0,2530
839,9.0,151.0,9.0,2548
840,9.0,152.0,9.0,2580
841,9.0,153.0,9.0,2580
842,9.0,154.0,9.0,2581
843,9.0,155.0,9.0,2593
844,9.0,156.0,9.0,2608
845,9.0,157.0,9.0,2630
846,9.0,158.0,9.0,2186
847,9.0,159.0,9.0,2186
848,9.0,160.0,9.0,1625
849,9.0,161.0,9.0,1625
850,9.0,162.0,9.0,2601
851,9.0,163.0,9.0,2601
852,9.0,164.0,9.0,620
853,9.0,165.0,9.0,620
854,9.0,166.0,9.0,1521
855,9.0,167.0,9.0,710
856,9.0,168.0,9.0,36
857,9.0,169.0,9.0,36
858,9.0,170.0,9.0,466
859,9.0,171.0,9.0,970
860,9.0,172.0,9.0,2158
861,9.0,173.0,9.0,2343
862,9.0,174.0,9.0,2365
863,9.0,175.0,9.0,200
864,9.0,176.0,9.0,1593
865,10.0,1.0,10.0,2301
866,10.0,2.0,10.0,2301
867,10.0,3.0,10.0,2301
868,10.0,4.0,10.0,2301
869,10.0,5.0,10.0,2301
870,10.0,6.0,10.0,2301
871,10.0,7.0,10.0,2301
872,10.0,8.0,10.0,2301
873,10.0,9.0,10.0,2301
874,10.0,10.0,10.0,2301
875,10.0,11.0,10.0,2301
876,10.0,12.0,10.0,2301
877,10.0,13.0,10.0,2301
878,10.0,14.0,10.0,2301
879,10.0,15.0,10.0,2301
880,10.0,16.0,10.0,2301
881,10.0,17.0,10.0,2301
882,10.0,18.0,10.0,2301
883,10.0,19.0,10.0,2301
884,10.0,20.0,10.0,2301
885,10.0,21.0,10.0,2301
886,10.0,22.0,10.0,8
887,10.0,23.0,10.0,8
888,10.0,24.0,10.0,226
889,10.0,25.0,10.0,226
890,10.0,26.0,10.0,236
891,10.0,27.0,10.0,256
892,10.0,28.0,10.0,391
893,10.0,29.0,10.0,596
894,10.0,30.0,10.0,596
895,10.0,31.0,10.0,610
896,10.0,32.0,10.0,630
897,10.0,33.0,10.0,635
898,10.0,34.0,10.0,629
899,10.0,35.0,10.0,677
900,10.0,36.0,10.0,804
901,10.0,37.0,10.0,916
902,10.0,38.0,10.0,1257
903,10.0,39.0,10.0,1293
904,10.0,40.0,10.0,1031
905,10.0,41.0,10.0,1031
906,10.0,42.0,10.0,1031
907,10.0,44.0,10.0,1031
908,10.0,45.0,10.0,1031
909,10.0,46.0,10.0,1031
910,10.0,47.0,10.0,1031
911,10.0,49.0,10.0,1672
912,10.0,50.0,10.0,1672
913,10.0,51.0,10.0,1780
914,10.0,52.0,10.0,1832
915,10.0,53.0,10.0,1918
916,10.0,54.0,10.0,1942
917,10.0,55.0,10.0,2116
918,10.0,56.0,10.0,2118
919,10.0,57.0,10.0,2130
920,10.0,58.0,10.0,2279
921,10.0,59.0,10.0,2279
922,10.0,60.0,10.0,2500
923,10.0,61.0,10.0,2628
924,10.0,62.0,10.0,2651
925,10.0,63.0,10.0,2666
926,10.0,64.0,10.0,48
927,10.0,65.0,10.0,75
928,10.0,66.0,10.0,92
929,10.0,67.0,10.0,105
930,10.0,68.0,10.0,162
931,10.0,69.0,10.0,161
932,10.0,70.0,10.0,173
933,10.0,71.0,10.0,227
934,10.0,72.0,10.0,243
935,10.0,73.0,10.0,269
936,10.0,74.0,10.0,328
937,10.0,75.0,10.0,302
938,10.0,76.0,10.0,368
939,10.0,77.0,10.0,390
940,10.0,78.0,10.0,388
941,10.0,79.0,10.0,499
942,10.0,80.0,10.0,513
943,10.0,81.0,10.0,568
944,10.0,82.0,10.0,571
945,10.0,83.0,10.0,597
946,10.0,84.0,10.0,737
947,10.0,85.0,10.0,761
948,10.0,86.0,10.0,795
949,10.0,87.0,10.0,910
950,10.0,88.0,10.0,912
951,10.0,89.0,10.0,956
952,10.0,91.0,10.0,1002
953,10.0,92.0,10.0,1010
954,10.0,93.0,10.0,1171
955,10.0,94.0,10.0,1339
956,10.0,96.0,10.0,1398
957,10.0,97.0,10.0,1444
958,10.0,98.0,10.0,1446
959,10.0,99.0,10.0,1477
960,10.0,100.0,10.0,1487
961,10.0,101.0,10.0,1498
962,10.0,102.0,10.0,1520
963,10.0,104.0,10.0,1711
964,10.0,105.0,10.0,1739
965,10.0,106.0,10.0,1741
966,10.0,107.0,10.0,1748
967,10.0,108.0,10.0,1824
968,10.0,109.0,10.0,1766
969,10.0,110.0,10.0,1793
970,10.0,111.0,10.0,1835
971,10.0,112.0,10.0,1873
972,10.0,113.0,10.0,1979
973,10.0,114.0,10.0,2002
974,10.0,115.0,10.0,2071
975,10.0,116.0,10.0,2128
976,10.0,117.0,10.0,2143
977,10.0,118.0,10.0,2149
978,10.0,119.0,10.0,2192
979,10.0,120.0,10.0,2204
980,10.0,121.0,10.0,2207
981,10.0,122.0,10.0,2218
982,10.0,123.0,10.0,2220
983,10.0,124.0,10.0,2234
984,10.0,125.0,10.0,2254
985,10.0,126.0,10.0,2268
986,10.0,127.0,10.0,2300
987,10.0,129.0,10.0,2327
988,10.0,130.0,10.0,2347
989,10.0,131.0,10.0,2369
990,10.0,132.0,10.0,2421
991,10.0,133.0,10.0,2465
992,10.0,134.0,10.0,2498
993,10.0,135.0,10.0,2539
994,10.0,136.0,10.0,2546
995,10.0,137.0,10.0,2550
996,10.0,138.0,10.0,2579
997,10.0,139.0,10.0,2606
998,10.0,140.0,10.0,2649
999,11.0,2.0,11.0,2613
1000,11.0,3.0,11.0,2065
1001,11.0,4.0,11.0,257
1002,11.0,5.0,11.0,747
1003,11.0,6.0,11.0,409
1004,11.0,7.0,11.0,65
1005,11.0,8.0,11.0,254
1006,11.0,9.0,11.0,632
1007,11.0,10.0,11.0,1200
1008,11.0,11.0,11.0,1485
1009,11.0,12.0,11.0,1620
1010,11.0,13.0,11.0,1896
1011,11.0,14.0,11.0,1933
1012,11.0,15.0,11.0,2401
1013,11.0,18.0,11.0,1270
1014,11.0,19.0,11.0,1914
1015,11.0,20.0,11.0,70
1016,11.0,21.0,11.0,25
1017,11.0,22.0,11.0,1774
1018,11.0,23.0,11.0,1791
1019,11.0,24.0,11.0,608
1020,11.0,25.0,11.0,1276
1021,11.0,26.0,11.0,186
1022,11.0,27.0,11.0,1172
1023,11.0,28.0,11.0,1880
1024,11.0,29.0,11.0,492
1025,11.0,30.0,11.0,1579
1026,11.0,31.0,11.0,1582
1027,11.0,32.0,11.0,2070
1028,11.0,33.0,11.0,2288
1029,11.0,34.0,11.0,758
1030,11.0,35.0,11.0,71
1031,11.0,36.0,11.0,957
1032,11.0,37.0,11.0,1953
1033,11.0,38.0,11.0,167
1034,11.0,39.0,11.0,2292
1035,11.0,40.0,11.0,2417
1036,11.0,41.0,11.0,720
1037,11.0,42.0,11.0,720
1038,11.0,44.0,11.0,1724
1039,11.0,45.0,11.0,1341
1040,11.0,46.0,11.0,640
1041,11.0,47.0,11.0,1242
1042,11.0,48.0,11.0,1286
1043,11.0,49.0,11.0,2638
1044,11.0,50.0,11.0,478
1045,11.0,51.0,11.0,480
1046,11.0,52.0,11.0,2023
1047,11.0,53.0,11.0,2188
1048,11.0,54.0,11.0,720
1049,11.0,55.0,11.0,2443
1050,11.0,57.0,11.0,720
1051,11.0,58.0,11.0,2401
1052,11.0,59.0,11.0,1907
1053,11.0,60.0,11.0,720
1054,11.0,62.0,11.0,720
1055,11.0,63.0,11.0,720
1056,11.0,64.0,11.0,2065
1057,11.0,70.0,11.0,2613
1058,11.0,71.0,11.0,720
1059,11.0,72.0,11.0,720
1060,11.0,77.0,11.0,2637
1061,11.0,78.0,11.0,2352
1062,11.0,79.0,11.0,2010
1063,11.0,80.0,11.0,1968
1064,11.0,81.0,11.0,2613
1065,11.0,82.0,11.0,720
1066,11.0,83.0,11.0,720
1067,11.0,84.0,11.0,138
1068,11.0,85.0,11.0,2486
1069,11.0,86.0,11.0,1605
1070,11.0,87.0,11.0,944
1071,11.0,88.0,11.0,188
1072,11.0,89.0,11.0,720
1073,11.0,90.0,11.0,1591
1074,11.0,91.0,11.0,1604
1075,11.0,92.0,11.0,80
1076,11.0,93.0,11.0,829
1077,11.0,94.0,11.0,2427
1078,11.0,95.0,11.0,1722
1079,11.0,96.0,11.0,1167
1080,11.0,98.0,11.0,1915
1081,11.0,99.0,11.0,697
1082,11.0,100.0,11.0,362
1083,11.0,101.0,11.0,622
1084,11.0,102.0,11.0,2622
1085,11.0,105.0,11.0,637
1086,11.0,106.0,11.0,1632
1087,11.0,107.0,11.0,1617
1088,11.0,108.0,11.0,2454
1089,11.0,109.0,11.0,1414
1090,11.0,110.0,11.0,463
1091,11.0,111.0,11.0,1449
1092,12.0,1.0,12.0,473
1093,12.0,2.0,12.0,765
1094,12.0,3.0,12.0,287
1095,12.0,4.0,12.0,89
1096,12.0,5.0,12.0,145
1097,12.0,6.0,12.0,446
1098,12.0,7.0,12.0,578
1099,12.0,8.0,12.0,689
1100,12.0,9.0,12.0,694
1101,12.0,10.0,12.0,820
1102,12.0,11.0,12.0,698
1103,12.0,12.0,12.0,1190
1104,12.0,13.0,12.0,1234
1105,12.0,14.0,12.0,1400
1106,12.0,15.0,12.0,1480
1107,12.0,16.0,12.0,1544
1108,12.0,17.0,12.0,1589
1109,12.0,18.0,12.0,1890
1110,12.0,20.0,12.0,2024
1111,12.0,21.0,12.0,2524
1112,12.0,22.0,12.0,111
1113,12.0,23.0,12.0,120
1114,12.0,24.0,12.0,135
1115,12.0,25.0,12.0,240
1116,12.0,26.0,12.0,277
1117,12.0,27.0,12.0,281
1118,12.0,28.0,12.0,343
1119,12.0,29.0,12.0,1562
1120,12.0,30.0,12.0,359
1121,12.0,31.0,12.0,397
1122,12.0,32.0,12.0,742
1123,12.0,33.0,12.0,774
1124,12.0,34.0,12.0,895
1125,12.0,35.0,12.0,1020
1126,12.0,36.0,12.0,1042
1127,12.0,37.0,12.0,1149
1128,12.0,38.0,12.0,1575
1129,12.0,39.0,12.0,1784
1130,12.0,40.0,12.0,1920
1131,12.0,41.0,12.0,2007
1132,12.0,42.0,12.0,2055
1133,12.0,43.0,12.0,2241
1134,12.0,44.0,12.0,2391
1135,12.0,45.0,12.0,2392
1136,12.0,46.0,12.0,609
1137,12.0,47.0,12.0,2482
1138,12.0,48.0,12.0,2042
1139,12.0,49.0,12.0,29
1140,12.0,51.0,12.0,1157
1141,12.0,52.0,12.0,110
1142,12.0,53.0,12.0,755
1143,12.0,54.0,12.0,1588
1144,12.0,55.0,12.0,2415
1145,12.0,101.0,12.0,765
1146,12.0,102.0,12.0,765
1147,12.0,104.0,12.0,473
1148,12.0,105.0,12.0,473
1149,12.0,108.0,12.0,473
1150,12.0,109.0,12.0,473
1151,12.0,110.0,12.0,473
1152,12.0,113.0,12.0,689
1153,12.0,114.0,12.0,2524
1154,12.0,115.0,12.0,473
1155,13.0,2.0,13.0,2
1156,13.0,3.0,13.0,6
1157,13.0,5.0,13.0,18
1158,13.0,9.0,13.0,35
1159,13.0,11.0,13.0,40
1160,13.0,12.0,13.0,42
1161,13.0,15.0,13.0,52
1162,13.0,16.0,13.0,55
1163,13.0,17.0,13.0,61
1164,13.0,19.0,13.0,63
1165,13.0,21.0,13.0,77
1166,13.0,23.0,13.0,84
1167,13.0,24.0,13.0,295
1168,13.0,26.0,13.0,116
1169,13.0,27.0,13.0,307
1170,13.0,28.0,13.0,118
1171,13.0,34.0,13.0,154
1172,13.0,35.0,13.0,159
1173,13.0,40.0,13.0,179
1174,13.0,42.0,13.0,180
1175,13.0,43.0,13.0,182
1176,13.0,45.0,13.0,425
1177,13.0,49.0,13.0,228
1178,13.0,51.0,13.0,237
1179,13.0,54.0,13.0,242
1180,13.0,56.0,13.0,245
1181,13.0,58.0,13.0,2525
1182,13.0,59.0,13.0,274
1183,13.0,64.0,13.0,297
1184,13.0,69.0,13.0,309
1185,13.0,71.0,13.0,313
1186,13.0,73.0,13.0,323
1187,13.0,74.0,13.0,327
1188,13.0,79.0,13.0,667
1189,13.0,80.0,13.0,338
1190,13.0,81.0,13.0,339
1191,13.0,82.0,13.0,341
1192,13.0,83.0,13.0,351
1193,13.0,84.0,13.0,352
1194,13.0,86.0,13.0,361
1195,13.0,89.0,13.0,363
1196,13.0,90.0,13.0,375
1197,13.0,91.0,13.0,378
1198,13.0,92.0,13.0,379
1199,13.0,93.0,13.0,392
1200,13.0,95.0,13.0,402
1201,13.0,97.0,13.0,411
1202,13.0,103.0,13.0,440
1203,13.0,105.0,13.0,913
1204,13.0,106.0,13.0,453
1205,13.0,107.0,13.0,454
1206,13.0,109.0,13.0,457
1207,13.0,110.0,13.0,458
1208,13.0,111.0,13.0,462
1209,13.0,112.0,13.0,468
1210,13.0,114.0,13.0,991
1211,13.0,115.0,13.0,481
1212,13.0,116.0,13.0,484
1213,13.0,118.0,13.0,491
1214,13.0,120.0,13.0,495
1215,13.0,123.0,13.0,524
1216,13.0,126.0,13.0,526
1217,13.0,132.0,13.0,538
1218,13.0,133.0,13.0,539
1219,13.0,134.0,13.0,542
1220,13.0,137.0,13.0,557
1221,13.0,140.0,13.0,558
1222,13.0,141.0,13.0,559
1223,13.0,142.0,13.0,560
1224,13.0,143.0,13.0,561
1225,13.0,144.0,13.0,562
1226,13.0,145.0,13.0,1277
1227,13.0,148.0,13.0,1299
1228,13.0,151.0,13.0,577
1229,13.0,153.0,13.0,584
1230,13.0,155.0,13.0,594
1231,13.0,166.0,13.0,623
1232,13.0,172.0,13.0,643
1233,13.0,175.0,13.0,651
1234,13.0,177.0,13.0,652
1235,13.0,180.0,13.0,661
1236,13.0,182.0,13.0,663
1237,13.0,183.0,13.0,664
1238,13.0,184.0,13.0,665
1239,13.0,188.0,13.0,1602
1240,13.0,191.0,13.0,675
1241,13.0,193.0,13.0,678
1242,13.0,194.0,13.0,680
1243,13.0,205.0,13.0,705
1244,13.0,208.0,13.0,718
1245,13.0,209.0,13.0,738
1246,13.0,210.0,13.0,1786
1247,13.0,216.0,13.0,746
1248,13.0,220.0,13.0,752
1249,13.0,223.0,13.0,753
1250,13.0,231.0,13.0,2012
1251,13.0,232.0,13.0,763
1252,13.0,236.0,13.0,778
1253,13.0,239.0,13.0,785
1254,13.0,240.0,13.0,789
1255,13.0,241.0,13.0,791
1256,13.0,242.0,13.0,792
1257,13.0,243.0,13.0,797
1258,13.0,245.0,13.0,2131
1259,13.0,248.0,13.0,806
1260,13.0,249.0,13.0,810
1261,13.0,251.0,13.0,813
1262,13.0,261.0,13.0,847
1263,13.0,267.0,13.0,863
1264,13.0,271.0,13.0,870
1265,13.0,273.0,13.0,873
1266,13.0,278.0,13.0,920
1267,13.0,280.0,13.0,931
1268,13.0,281.0,13.0,932
1269,13.0,283.0,13.0,940
1270,13.0,284.0,13.0,942
1271,13.0,287.0,13.0,955
1272,13.0,290.0,13.0,2626
1273,13.0,295.0,13.0,976
1274,13.0,297.0,13.0,984
1275,13.0,301.0,13.0,1011
1276,13.0,303.0,13.0,1019
1277,13.0,309.0,13.0,1039
1278,13.0,312.0,13.0,1044
1279,13.0,313.0,13.0,1046
1280,13.0,317.0,13.0,1083
1281,13.0,319.0,13.0,1084
1282,13.0,322.0,13.0,1096
1283,13.0,324.0,13.0,1108
1284,13.0,325.0,13.0,1111
1285,13.0,327.0,13.0,1114
1286,13.0,330.0,13.0,1117
1287,13.0,331.0,13.0,1119
1288,13.0,332.0,13.0,1121
1289,13.0,334.0,13.0,1124
1290,13.0,335.0,13.0,1129
1291,13.0,338.0,13.0,1170
1292,13.0,342.0,13.0,1180
1293,13.0,343.0,13.0,1182
1294,13.0,344.0,13.0,1186
1295,13.0,346.0,13.0,1195
1296,13.0,347.0,13.0,1201
1297,13.0,348.0,13.0,1203
1298,13.0,349.0,13.0,1206
1299,13.0,351.0,13.0,1222
1300,13.0,352.0,13.0,1226
1301,13.0,355.0,13.0,1243
1302,13.0,358.0,13.0,1245
1303,13.0,362.0,13.0,1258
1304,13.0,363.0,13.0,1260
1305,13.0,372.0,13.0,1294
1306,13.0,377.0,13.0,1307
1307,13.0,378.0,13.0,1308
1308,13.0,382.0,13.0,1319
1309,13.0,384.0,13.0,1324
1310,13.0,386.0,13.0,1327
1311,13.0,388.0,13.0,1346
1312,13.0,390.0,13.0,1361
1313,13.0,392.0,13.0,1371
1314,13.0,393.0,13.0,1384
1315,13.0,394.0,13.0,1387
1316,13.0,395.0,13.0,1388
1317,13.0,396.0,13.0,1392
1318,13.0,398.0,13.0,1394
1319,13.0,400.0,13.0,1425
1320,13.0,405.0,13.0,1433
1321,13.0,407.0,13.0,1442
1322,13.0,408.0,13.0,1443
1323,13.0,411.0,13.0,1447
1324,13.0,414.0,13.0,1457
1325,13.0,416.0,13.0,1460
1326,13.0,417.0,13.0,1462
1327,13.0,418.0,13.0,1472
1328,13.0,421.0,13.0,1478
1329,13.0,422.0,13.0,1479
1330,13.0,427.0,13.0,1502
1331,13.0,428.0,13.0,1504
1332,13.0,429.0,13.0,1511
1333,13.0,430.0,13.0,1512
1334,13.0,431.0,13.0,1513
1335,13.0,432.0,13.0,1515
1336,13.0,433.0,13.0,1522
1337,13.0,434.0,13.0,1517
1338,13.0,435.0,13.0,1523
1339,13.0,439.0,13.0,1548
1340,13.0,440.0,13.0,1553
1341,13.0,441.0,13.0,1554
1342,13.0,443.0,13.0,1555
1343,13.0,444.0,13.0,1558
1344,13.0,446.0,13.0,1568
1345,13.0,447.0,13.0,1595
1346,13.0,450.0,13.0,1610
1347,13.0,451.0,13.0,1612
1348,13.0,452.0,13.0,1614
1349,13.0,453.0,13.0,1624
1350,13.0,456.0,13.0,1644
1351,13.0,459.0,13.0,1661
1352,13.0,460.0,13.0,1662
1353,13.0,461.0,13.0,1664
1354,13.0,467.0,13.0,1678
1355,13.0,470.0,13.0,1705
1356,13.0,471.0,13.0,1703
1357,13.0,472.0,13.0,1709
1358,13.0,473.0,13.0,1716
1359,13.0,474.0,13.0,1726
1360,13.0,476.0,13.0,1742
1361,13.0,477.0,13.0,1743
1362,13.0,479.0,13.0,1747
1363,13.0,480.0,13.0,1750
1364,13.0,481.0,13.0,1753
1365,13.0,486.0,13.0,1769
1366,13.0,487.0,13.0,1771
1367,13.0,491.0,13.0,1776
1368,13.0,498.0,13.0,1798
1369,13.0,499.0,13.0,1799
1370,13.0,508.0,13.0,1847
1371,13.0,511.0,13.0,1851
1372,13.0,512.0,13.0,1852
1373,13.0,514.0,13.0,1864
1374,13.0,515.0,13.0,1867
1375,13.0,517.0,13.0,1876
1376,13.0,518.0,13.0,1881
1377,13.0,520.0,13.0,1887
1378,13.0,521.0,13.0,1894
1379,13.0,522.0,13.0,1904
1380,13.0,525.0,13.0,1932
1381,13.0,527.0,13.0,1935
1382,13.0,528.0,13.0,1938
1383,13.0,529.0,13.0,1940
1384,13.0,534.0,13.0,1950
1385,13.0,540.0,13.0,1980
1386,13.0,542.0,13.0,1993
1387,13.0,543.0,13.0,1996
1388,13.0,549.0,13.0,2025
1389,13.0,554.0,13.0,2045
1390,13.0,555.0,13.0,2046
1391,13.0,556.0,13.0,2047
1392,13.0,557.0,13.0,2049
1393,13.0,558.0,13.0,2050
1394,13.0,559.0,13.0,2052
1395,13.0,560.0,13.0,2057
1396,13.0,567.0,13.0,2077
1397,13.0,568.0,13.0,2078
1398,13.0,569.0,13.0,2080
1399,13.0,570.0,13.0,2085
1400,13.0,572.0,13.0,2100
1401,13.0,582.0,13.0,2139
1402,13.0,592.0,13.0,2145
1403,13.0,596.0,13.0,2148
1404,13.0,598.0,13.0,2160
1405,13.0,604.0,13.0,2189
1406,13.0,607.0,13.0,2197
1407,13.0,610.0,13.0,2222
1408,13.0,611.0,13.0,2237
1409,13.0,620.0,13.0,2248
1410,13.0,621.0,13.0,2251
1411,13.0,624.0,13.0,2258
1412,13.0,625.0,13.0,2260
1413,13.0,628.0,13.0,2269
1414,13.0,629.0,13.0,2270
1415,13.0,637.0,13.0,2298
1416,13.0,642.0,13.0,2329
1417,13.0,643.0,13.0,2330
1418,13.0,647.0,13.0,2336
1419,13.0,657.0,13.0,2366
1420,13.0,671.0,13.0,2385
1421,13.0,672.0,13.0,2390
1422,13.0,674.0,13.0,2396
1423,13.0,680.0,13.0,2438
1424,13.0,684.0,13.0,2464
1425,13.0,685.0,13.0,2473
1426,13.0,686.0,13.0,2480
1427,13.0,687.0,13.0,2501
1428,13.0,689.0,13.0,2502
1429,13.0,692.0,13.0,2509
1430,13.0,693.0,13.0,2521
1431,13.0,694.0,13.0,2527
1432,13.0,696.0,13.0,2541
1433,13.0,697.0,13.0,2547
1434,13.0,699.0,13.0,2553
1435,13.0,701.0,13.0,2559
1436,13.0,702.0,13.0,2560
1437,13.0,704.0,13.0,2571
1438,13.0,707.0,13.0,2607
1439,13.0,708.0,13.0,2611
1440,13.0,710.0,13.0,2617
1441,13.0,713.0,13.0,2633
1442,13.0,718.0,13.0,2643
1443,13.0,720.0,13.0,2644
1444,13.0,775.0,13.0,668
1445,13.0,778.0,13.0,187
1446,13.0,878.0,13.0,445
1447,13.0,879.0,13.0,565
1448,14.0,1.0,14.0,290
1449,14.0,2.0,14.0,23
1450,14.0,3.0,14.0,53
1451,14.0,4.0,14.0,60
1452,14.0,5.0,14.0,66
1453,14.0,6.0,14.0,108
1454,14.0,7.0,14.0,231
1455,14.0,8.0,14.0,247
1456,14.0,9.0,14.0,357
1457,14.0,10.0,14.0,371
1458,14.0,11.0,14.0,412
1459,14.0,12.0,14.0,455
1460,14.0,13.0,14.0,517
1461,14.0,14.0,14.0,530
1462,14.0,15.0,14.0,579
1463,14.0,16.0,14.0,614
1464,14.0,17.0,14.0,646
1465,14.0,18.0,14.0,730
1466,14.0,19.0,14.0,736
1467,14.0,20.0,14.0,959
1468,14.0,21.0,14.0,1012
1469,14.0,22.0,14.0,1013
1470,14.0,23.0,14.0,1072
1471,14.0,24.0,14.0,1104
1472,14.0,25.0,14.0,1184
1473,14.0,26.0,14.0,1204
1474,14.0,27.0,14.0,1364
1475,14.0,28.0,14.0,1397
1476,14.0,29.0,14.0,1401
1477,14.0,30.0,14.0,1408
1478,14.0,31.0,14.0,1496
1479,14.0,32.0,14.0,1506
1480,14.0,33.0,14.0,1537
1481,14.0,34.0,14.0,1616
1482,14.0,35.0,14.0,1634
1483,14.0,36.0,14.0,1636
1484,14.0,37.0,14.0,1645
1485,14.0,38.0,14.0,1657
1486,14.0,39.0,14.0,1707
1487,14.0,40.0,14.0,1729
1488,14.0,41.0,14.0,1790
1489,14.0,42.0,14.0,1888
1490,14.0,43.0,14.0,1905
1491,14.0,44.0,14.0,1954
1492,14.0,45.0,14.0,1985
1493,14.0,46.0,14.0,2064
1494,14.0,47.0,14.0,2040
1495,14.0,48.0,14.0,2086
1496,14.0,49.0,14.0,2121
1497,14.0,50.0,14.0,2163
1498,14.0,51.0,14.0,2173
1499,14.0,52.0,14.0,2219
1500,14.0,53.0,14.0,2228
1501,14.0,54.0,14.0,2261
1502,14.0,55.0,14.0,2313
1503,14.0,56.0,14.0,2332
1504,14.0,57.0,14.0,2138
1505,14.0,58.0,14.0,2368
1506,14.0,59.0,14.0,2418
1507,14.0,60.0,14.0,2510
1508,14.0,61.0,14.0,2538
1509,14.0,62.0,14.0,2536
1510,14.0,63.0,14.0,2636
1511,14.0,64.0,14.0,2645
1512,14.0,65.0,14.0,2664
1513,14.0,66.0,14.0,2582
1514,14.0,67.0,14.0,1489
1515,14.0,68.0,14.0,215
1516,14.0,69.0,14.0,1667
1517,14.0,70.0,14.0,3
1518,14.0,71.0,14.0,358
1519,14.0,72.0,14.0,1456
1520,14.0,73.0,14.0,2074
1521,14.0,74.0,14.0,2436
1522,14.0,75.0,14.0,1912
1523,14.0,76.0,14.0,10
1524,14.0,77.0,14.0,104
1525,14.0,80.0,14.0,344
1526,14.0,81.0,14.0,384
1527,14.0,83.0,14.0,735
1528,14.0,84.0,14.0,817
1529,14.0,87.0,14.0,1330
1530,14.0,89.0,14.0,1458
1531,14.0,90.0,14.0,1937
1532,14.0,91.0,14.0,2093
1533,14.0,93.0,14.0,2172
1534,14.0,94.0,14.0,2191
1535,14.0,95.0,14.0,2210
1536,14.0,96.0,14.0,2235
1537,14.0,97.0,14.0,299
1538,14.0,100.0,14.0,220
1539,14.0,104.0,14.0,370
1540,14.0,105.0,14.0,656
1541,14.0,107.0,14.0,759
1542,14.0,109.0,14.0,881
1543,14.0,110.0,14.0,901
1544,14.0,112.0,14.0,1198
1545,14.0,115.0,14.0,1630
1546,14.0,116.0,14.0,1659
1547,14.0,121.0,14.0,2127
1548,14.0,123.0,14.0,1631
1549,14.0,124.0,14.0,2217
1550,14.0,125.0,14.0,2244
1551,14.0,128.0,14.0,2491
1552,14.0,130.0,14.0,2564
1553,14.0,133.0,14.0,1432
1554,14.0,136.0,14.0,488
1555,14.0,201.0,14.0,290
1556,15.0,11.0,15.0,461
1557,15.0,21.0,15.0,396
1558,15.0,31.0,15.0,43
1559,15.0,41.0,15.0,44
1560,15.0,51.0,15.0,2265
1561,15.0,61.0,15.0,177
1562,15.0,71.0,15.0,185
1563,15.0,81.0,15.0,239
1564,15.0,91.0,15.0,2451
1565,15.0,101.0,15.0,366
1566,15.0,111.0,15.0,398
1567,15.0,121.0,15.0,430
1568,15.0,131.0,15.0,434
1569,15.0,141.0,15.0,590
1570,15.0,151.0,15.0,653
1571,15.0,161.0,15.0,721
1572,15.0,171.0,15.0,793
1573,15.0,181.0,15.0,936
1574,15.0,191.0,15.0,2411
1575,15.0,201.0,15.0,1037
1576,15.0,211.0,15.0,1151
1577,15.0,221.0,15.0,2278
1578,15.0,231.0,15.0,1376
1579,15.0,241.0,15.0,1518
1580,15.0,251.0,15.0,1751
1581,15.0,261.0,15.0,1810
1582,15.0,271.0,15.0,1813
1583,15.0,281.0,15.0,1817
1584,15.0,291.0,15.0,713
1585,15.0,301.0,15.0,1883
1586,15.0,311.0,15.0,1957
1587,15.0,321.0,15.0,2132
1588,15.0,331.0,15.0,2150
1589,15.0,341.0,15.0,2262
1590,15.0,351.0,15.0,2350
1591,15.0,361.0,15.0,2382
1592,15.0,371.0,15.0,2419
1593,15.0,381.0,15.0,1075
1594,15.0,391.0,15.0,2472
1595,15.0,401.0,15.0,2567
1596,15.0,411.0,15.0,57
1597,15.0,421.0,15.0,342
1598,15.0,451.0,15.0,2423
1599,15.0,461.0,15.0,2410
1600,15.0,471.0,15.0,192
1601,15.0,481.0,15.0,1819
1602,15.0,491.0,15.0,2563
1603,15.0,501.0,15.0,2305
1604,15.0,511.0,15.0,1861
1605,15.0,521.0,15.0,45
1606,15.0,541.0,15.0,1875
1607,15.0,551.0,15.0,1991
1608,15.0,561.0,15.0,673
1609,15.0,571.0,15.0,1777
1610,15.0,581.0,15.0,2054
1611,15.0,601.0,15.0,291
1612,15.0,611.0,15.0,1423
1613,15.0,631.0,15.0,1271
1614,15.0,681.0,15.0,1939
1615,15.0,731.0,15.0,399
1616,15.0,741.0,15.0,346
1617,15.0,751.0,15.0,283
1618,15.0,761.0,15.0,958
1619,15.0,781.0,15.0,252
1620,15.0,881.0,15.0,2205
1621,15.0,911.0,15.0,2374
1622,15.0,941.0,15.0,26
1623,15.0,951.0,15.0,169
1624,15.0,981.0,15.0,1965
1625,15.0,1071.0,15.0,1197
1626,15.0,1161.0,15.0,2169
1627,15.0,1171.0,15.0,1760
1628,15.0,1201.0,15.0,147
1629,15.0,1211.0,15.0,1343
1630,15.0,2001.0,15.0,1259
1631,15.0,2002.0,15.0,1259
1632,15.0,2003.0,15.0,1259
1633,15.0,2004.0,15.0,1259
1634,15.0,2005.0,15.0,1259
1635,16.0,1.0,16.0,74
1636,16.0,2.0,16.0,76
1637,16.0,3.0,16.0,81
1638,16.0,4.0,16.0,115
1639,16.0,5.0,16.0,131
1640,16.0,6.0,16.0,142
1641,16.0,7.0,16.0,165
1642,16.0,8.0,16.0,166
1643,16.0,9.0,16.0,204
1644,16.0,10.0,16.0,207
1645,16.0,11.0,16.0,209
1646,16.0,12.0,16.0,241
1647,16.0,13.0,16.0,246
1648,16.0,14.0,16.0,265
1649,16.0,15.0,16.0,286
1650,16.0,16.0,16.0,322
1651,16.0,17.0,16.0,449
1652,16.0,18.0,16.0,450
1653,16.0,19.0,16.0,459
1654,16.0,20.0,16.0,477
1655,16.0,21.0,16.0,498
1656,16.0,22.0,16.0,511
1657,16.0,23.0,16.0,518
1658,16.0,24.0,16.0,529
1659,16.0,25.0,16.0,555
1660,16.0,26.0,16.0,575
1661,16.0,27.0,16.0,583
1662,16.0,28.0,16.0,587
1663,16.0,29.0,16.0,599
1664,16.0,30.0,16.0,605
1665,16.0,31.0,16.0,615
1666,16.0,32.0,16.0,617
1667,16.0,33.0,16.0,619
1668,16.0,34.0,16.0,624
1669,16.0,35.0,16.0,639
1670,16.0,36.0,16.0,662
1671,16.0,37.0,16.0,670
1672,16.0,38.0,16.0,676
1673,16.0,39.0,16.0,682
1674,16.0,40.0,16.0,714
1675,16.0,41.0,16.0,733
1676,16.0,42.0,16.0,757
1677,16.0,43.0,16.0,782
1678,16.0,44.0,16.0,822
1679,16.0,45.0,16.0,848
1680,16.0,46.0,16.0,731
1681,16.0,47.0,16.0,731
1682,16.0,48.0,16.0,731
1683,16.0,49.0,16.0,731
1684,16.0,50.0,16.0,731
1685,16.0,51.0,16.0,731
1686,16.0,52.0,16.0,731
1687,16.0,53.0,16.0,731
1688,16.0,54.0,16.0,731
1689,16.0,55.0,16.0,731
1690,16.0,56.0,16.0,857
1691,16.0,57.0,16.0,861
1692,16.0,58.0,16.0,909
1693,16.0,59.0,16.0,918
1694,16.0,60.0,16.0,926
1695,16.0,61.0,16.0,943
1696,16.0,62.0,16.0,946
1697,16.0,63.0,16.0,951
1698,16.0,64.0,16.0,973
1699,16.0,65.0,16.0,982
1700,16.0,66.0,16.0,1001
1701,16.0,67.0,16.0,1030
1702,16.0,68.0,16.0,1052
1703,16.0,69.0,16.0,1055
1704,16.0,70.0,16.0,1068
1705,16.0,71.0,16.0,1071
1706,16.0,72.0,16.0,1189
1707,16.0,74.0,16.0,1207
1708,16.0,75.0,16.0,1214
1709,16.0,76.0,16.0,1223
1710,16.0,77.0,16.0,1264
1711,16.0,78.0,16.0,1309
1712,16.0,79.0,16.0,1314
1713,16.0,80.0,16.0,1336
1714,16.0,81.0,16.0,1337
1715,16.0,82.0,16.0,1375
1716,16.0,83.0,16.0,1377
1717,16.0,84.0,16.0,1382
1718,16.0,85.0,16.0,1383
1719,16.0,86.0,16.0,1386
1720,16.0,87.0,16.0,1390
1721,16.0,88.0,16.0,1419
1722,16.0,89.0,16.0,1424
1723,16.0,90.0,16.0,1428
1724,16.0,91.0,16.0,1431
1725,16.0,92.0,16.0,1441
1726,16.0,93.0,16.0,1445
1727,16.0,94.0,16.0,1455
1728,16.0,95.0,16.0,1528
1729,16.0,96.0,16.0,1596
1730,16.0,97.0,16.0,1597
1731,16.0,98.0,16.0,1603
1732,16.0,99.0,16.0,1652
1733,16.0,100.0,16.0,1682
1734,16.0,101.0,16.0,1687
1735,16.0,102.0,16.0,1692
1736,16.0,103.0,16.0,1695
1737,16.0,104.0,16.0,1714
1738,16.0,105.0,16.0,1719
1739,16.0,106.0,16.0,1720
1740,16.0,107.0,16.0,1725
1741,16.0,108.0,16.0,1749
1742,16.0,109.0,16.0,1768
1743,16.0,110.0,16.0,1802
1744,16.0,111.0,16.0,1829
1745,16.0,112.0,16.0,1842
1746,16.0,113.0,16.0,1862
1747,16.0,114.0,16.0,1889
1748,16.0,115.0,16.0,1900
1749,16.0,116.0,16.0,1956
1750,16.0,117.0,16.0,1960
1751,16.0,118.0,16.0,1964
1752,16.0,119.0,16.0,1981
1753,16.0,120.0,16.0,1982
1754,16.0,121.0,16.0,1995
1755,16.0,122.0,16.0,2011
1756,16.0,123.0,16.0,2013
1757,16.0,124.0,16.0,2021
1758,16.0,125.0,16.0,2043
1759,16.0,126.0,16.0,2061
1760,16.0,127.0,16.0,2090
1761,16.0,128.0,16.0,2113
1762,16.0,129.0,16.0,2117
1763,16.0,130.0,16.0,2120
1764,16.0,131.0,16.0,2142
1765,16.0,132.0,16.0,2182
1766,16.0,133.0,16.0,2190
1767,16.0,134.0,16.0,2252
1768,16.0,135.0,16.0,2263
1769,16.0,136.0,16.0,2267
1770,16.0,137.0,16.0,2308
1771,16.0,138.0,16.0,2315
1772,16.0,139.0,16.0,2357
1773,16.0,140.0,16.0,2371
1774,16.0,141.0,16.0,2388
1775,16.0,142.0,16.0,2402
1776,16.0,143.0,16.0,2471
1777,16.0,144.0,16.0,2474
1778,16.0,145.0,16.0,2485
1779,16.0,146.0,16.0,2489
1780,16.0,147.0,16.0,2490
1781,16.0,148.0,16.0,2494
1782,16.0,149.0,16.0,2506
1783,16.0,150.0,16.0,2508
1784,16.0,151.0,16.0,2561
1785,16.0,152.0,16.0,2569
1786,16.0,153.0,16.0,2572
1787,16.0,154.0,16.0,2576
1788,16.0,155.0,16.0,2657
1789,16.0,156.0,16.0,2660
1790,17.0,1.0,17.0,1983
1791,17.0,100.0,17.0,7
1792,17.0,110.0,17.0,20
1793,17.0,120.0,17.0,22
1794,17.0,130.0,17.0,24
1795,17.0,140.0,17.0,31
1796,17.0,150.0,17.0,33
1797,17.0,160.0,17.0,46
1798,17.0,170.0,17.0,58
1799,17.0,180.0,17.0,67
1800,17.0,190.0,17.0,91
1801,17.0,200.0,17.0,121
1802,17.0,210.0,17.0,175
1803,17.0,220.0,17.0,181
1804,17.0,230.0,17.0,270
1805,17.0,240.0,17.0,288
1806,17.0,250.0,17.0,289
1807,17.0,260.0,17.0,296
1808,17.0,270.0,17.0,306
1809,17.0,280.0,17.0,308
1810,17.0,290.0,17.0,324
1811,17.0,300.0,17.0,326
1812,17.0,310.0,17.0,329
1813,17.0,320.0,17.0,345
1814,17.0,330.0,17.0,364
1815,17.0,340.0,17.0,365
1816,17.0,350.0,17.0,380
1817,17.0,360.0,17.0,382
1818,17.0,370.0,17.0,400
1819,17.0,380.0,17.0,404
1820,17.0,390.0,17.0,417
1821,17.0,400.0,17.0,426
1822,17.0,410.0,17.0,437
1823,17.0,420.0,17.0,448
1824,17.0,430.0,17.0,456
1825,17.0,440.0,17.0,506
1826,17.0,450.0,17.0,534
1827,17.0,460.0,17.0,567
1828,17.0,470.0,17.0,569
1829,17.0,480.0,17.0,570
1830,17.0,490.0,17.0,589
1831,17.0,500.0,17.0,607
1832,17.0,510.0,17.0,658
1833,17.0,520.0,17.0,685
1834,17.0,530.0,17.0,687
1835,17.0,540.0,17.0,723
1836,17.0,550.0,17.0,727
1837,17.0,560.0,17.0,739
1838,17.0,570.0,17.0,790
1839,17.0,580.0,17.0,815
1840,17.0,590.0,17.0,827
1841,17.0,600.0,17.0,834
1842,17.0,610.0,17.0,841
1843,17.0,620.0,17.0,842
1844,17.0,630.0,17.0,874
1845,17.0,640.0,17.0,876
1846,17.0,650.0,17.0,896
1847,17.0,660.0,17.0,898
1848,17.0,670.0,17.0,921
1849,17.0,680.0,17.0,972
1850,17.0,690.0,17.0,981
1851,17.0,700.0,17.0,986
1852,17.0,710.0,17.0,1014
1853,17.0,720.0,17.0,1032
1854,17.0,730.0,17.0,1054
1855,17.0,740.0,17.0,1059
1856,17.0,750.0,17.0,1100
1857,17.0,760.0,17.0,1024
1858,17.0,770.0,17.0,1115
1859,17.0,780.0,17.0,1133
1860,17.0,790.0,17.0,1144
1861,17.0,800.0,17.0,1158
1862,17.0,810.0,17.0,1193
1863,17.0,820.0,17.0,1240
1864,17.0,830.0,17.0,1254
1865,17.0,840.0,17.0,1262
1866,17.0,850.0,17.0,1282
1867,17.0,860.0,17.0,1284
1868,17.0,870.0,17.0,1295
1869,17.0,880.0,17.0,1296
1870,17.0,890.0,17.0,1297
1871,17.0,900.0,17.0,1298
1872,17.0,910.0,17.0,1305
1873,17.0,920.0,17.0,1332
1874,17.0,930.0,17.0,1353
1875,17.0,940.0,17.0,1406
1876,17.0,950.0,17.0,1481
1877,17.0,960.0,17.0,1525
1878,17.0,970.0,17.0,1526
1879,17.0,980.0,17.0,1563
1880,17.0,990.0,17.0,1641
1881,17.0,1000.0,17.0,1649
1882,17.0,1010.0,17.0,1650
1883,17.0,1020.0,17.0,1658
1884,17.0,1030.0,17.0,1680
1885,17.0,1040.0,17.0,1690
1886,17.0,1050.0,17.0,1699
1887,17.0,1060.0,17.0,1737
1888,17.0,1070.0,17.0,1744
1889,17.0,1080.0,17.0,1757
1890,17.0,1090.0,17.0,1761
1891,17.0,1100.0,17.0,1775
1892,17.0,1110.0,17.0,1804
1893,17.0,1120.0,17.0,1805
1894,17.0,1130.0,17.0,1807
1895,17.0,1140.0,17.0,1874
1896,17.0,1150.0,17.0,1884
1897,17.0,1160.0,17.0,1955
1898,17.0,1170.0,17.0,1970
1899,17.0,1180.0,17.0,2003
1900,17.0,1190.0,17.0,2016
1901,17.0,1200.0,17.0,2036
1902,17.0,1210.0,17.0,2081
1903,17.0,1220.0,17.0,2084
1904,17.0,1230.0,17.0,2087
1905,17.0,1240.0,17.0,2096
1906,17.0,1250.0,17.0,2107
1907,17.0,1260.0,17.0,2134
1908,17.0,1270.0,17.0,2137
1909,17.0,1280.0,17.0,2203
1910,17.0,1290.0,17.0,2212
1911,17.0,1300.0,17.0,2271
1912,17.0,1310.0,17.0,2273
1913,17.0,1320.0,17.0,2275
1914,17.0,1330.0,17.0,2280
1915,17.0,1340.0,17.0,2284
1916,17.0,1350.0,17.0,2295
1917,17.0,1360.0,17.0,2348
1918,17.0,1370.0,17.0,2379
1919,17.0,1380.0,17.0,2384
1920,17.0,1390.0,17.0,2387
1921,17.0,1400.0,17.0,2403
1922,17.0,1410.0,17.0,2425
1923,17.0,1420.0,17.0,2430
1924,17.0,1430.0,17.0,2433
1925,17.0,1440.0,17.0,2434
1926,17.0,1450.0,17.0,2439
1927,17.0,1460.0,17.0,2459
1928,17.0,1470.0,17.0,2487
1929,17.0,1480.0,17.0,2497
1930,17.0,1490.0,17.0,2511
1931,17.0,1500.0,17.0,2514
1932,17.0,1510.0,17.0,2529
1933,17.0,1520.0,17.0,2531
1934,17.0,1530.0,17.0,2542
1935,17.0,1540.0,17.0,2544
1936,17.0,1550.0,17.0,2620
1937,17.0,1560.0,17.0,2624
1938,17.0,1570.0,17.0,2625
1939,17.0,1580.0,17.0,2631
1940,17.0,1590.0,17.0,2647
1941,18.0,1.0,18.0,2483
1942,18.0,2.0,18.0,2483
1943,18.0,3.0,18.0,2483
1944,18.0,4.0,18.0,2483
1945,18.0,5.0,18.0,2483
1946,18.0,6.0,18.0,2483
1947,18.0,7.0,18.0,2483
1948,18.0,8.0,18.0,2483
1949,18.0,9.0,18.0,2483
1950,18.0,10.0,18.0,2483
1951,18.0,11.0,18.0,2483
1952,18.0,12.0,18.0,2483
1953,18.0,13.0,18.0,2483
1954,18.0,14.0,18.0,2483
1955,18.0,15.0,18.0,2483
1956,18.0,16.0,18.0,2483
1957,18.0,17.0,18.0,2483
1958,18.0,18.0,18.0,2483
1959,18.0,19.0,18.0,2483
1960,18.0,20.0,18.0,2483
1961,18.0,21.0,18.0,2483
1962,18.0,22.0,18.0,2483
1963,18.0,23.0,18.0,2483
1964,18.0,24.0,18.0,2483
1965,18.0,25.0,18.0,2483
1966,18.0,26.0,18.0,476
1967,18.0,27.0,18.0,684
1968,18.0,28.0,18.0,843
1969,18.0,29.0,18.0,1268
1970,18.0,30.0,18.0,1637
1971,18.0,31.0,18.0,1736
1972,18.0,32.0,18.0,1812
1973,18.0,33.0,18.0,1859
1974,18.0,34.0,18.0,27
1975,18.0,35.0,18.0,72
1976,18.0,36.0,18.0,82
1977,18.0,37.0,18.0,93
1978,18.0,38.0,18.0,224
1979,18.0,39.0,18.0,266
1980,18.0,40.0,18.0,278
1981,18.0,41.0,18.0,298
1982,18.0,42.0,18.0,335
1983,18.0,43.0,18.0,389
1984,18.0,44.0,18.0,514
1985,18.0,45.0,18.0,580
1986,18.0,46.0,18.0,627
1987,18.0,47.0,18.0,707
1988,18.0,48.0,18.0,741
1989,18.0,49.0,18.0,776
1990,18.0,50.0,18.0,794
1991,18.0,51.0,18.0,869
1992,18.0,52.0,18.0,892
1993,18.0,53.0,18.0,924
1994,18.0,54.0,18.0,1040
1995,18.0,55.0,18.0,1101
1996,18.0,56.0,18.0,1169
1997,18.0,57.0,18.0,1220
1998,18.0,58.0,18.0,1248
1999,18.0,60.0,18.0,1348
2000,18.0,61.0,18.0,1464
2001,18.0,62.0,18.0,1675
2002,18.0,64.0,18.0,1762
2003,18.0,65.0,18.0,1785
2004,18.0,66.0,18.0,1834
2005,18.0,67.0,18.0,1841
2006,18.0,68.0,18.0,1928
2007,18.0,69.0,18.0,1987
2008,18.0,70.0,18.0,2264
2009,18.0,71.0,18.0,2317
2010,18.0,72.0,18.0,2324
2011,18.0,73.0,18.0,2328
2012,18.0,74.0,18.0,2399
2013,18.0,75.0,18.0,2400
2014,18.0,76.0,18.0,2574
2015,18.0,77.0,18.0,2587
2016,18.0,78.0,18.0,2596
2017,18.0,79.0,18.0,122
2018,18.0,80.0,18.0,127
2019,18.0,81.0,18.0,132
2020,18.0,82.0,18.0,191
2021,18.0,83.0,18.0,194
2022,18.0,84.0,18.0,273
2023,18.0,85.0,18.0,304
2024,18.0,86.0,18.0,321
2025,18.0,87.0,18.0,464
2026,18.0,88.0,18.0,528
2027,18.0,89.0,18.0,536
2028,18.0,90.0,18.0,647
2029,18.0,91.0,18.0,702
2030,18.0,92.0,18.0,729
2031,18.0,93.0,18.0,777
2032,18.0,94.0,18.0,860
2033,18.0,95.0,18.0,864
2034,18.0,96.0,18.0,1051
2035,18.0,98.0,18.0,1263
2036,18.0,110.0,18.0,1821
2037,18.0,111.0,18.0,1984
2038,18.0,112.0,18.0,2017
2039,18.0,113.0,18.0,2108
2040,18.0,114.0,18.0,2114
2041,18.0,116.0,18.0,2247
2042,18.0,117.0,18.0,2408
2043,18.0,118.0,18.0,2614
2044,19.0,1.0,19.0,2031
2045,19.0,2.0,19.0,1578
2046,19.0,3.0,19.0,125
2047,19.0,4.0,19.0,2250
2048,19.0,5.0,19.0,193
2049,19.0,6.0,19.0,259
2050,19.0,7.0,19.0,262
2051,19.0,8.0,19.0,292
2052,19.0,9.0,19.0,330
2053,19.0,10.0,19.0,333
2054,19.0,11.0,19.0,401
2055,19.0,12.0,19.0,416
2056,19.0,13.0,19.0,452
2057,19.0,14.0,19.0,487
2058,19.0,15.0,19.0,512
2059,19.0,16.0,19.0,564
2060,19.0,17.0,19.0,576
2061,19.0,18.0,19.0,644
2062,19.0,19.0,19.0,671
2063,19.0,20.0,19.0,768
2064,19.0,21.0,19.0,769
2065,19.0,22.0,19.0,783
2066,19.0,23.0,19.0,1085
2067,19.0,24.0,19.0,1095
2068,19.0,25.0,19.0,1122
2069,19.0,26.0,19.0,1132
2070,19.0,27.0,19.0,1302
2071,19.0,28.0,19.0,1349
2072,19.0,29.0,19.0,1366
2073,19.0,30.0,19.0,1385
2074,19.0,31.0,19.0,1427
2075,19.0,32.0,19.0,1459
2076,19.0,33.0,19.0,1466
2077,19.0,34.0,19.0,1476
2078,19.0,35.0,19.0,1559
2079,19.0,36.0,19.0,1574
2080,19.0,37.0,19.0,1599
2081,19.0,38.0,19.0,1601
2082,19.0,39.0,19.0,1704
2083,19.0,40.0,19.0,1710
2084,19.0,41.0,19.0,1728
2085,19.0,42.0,19.0,1808
2086,19.0,43.0,19.0,1843
2087,19.0,44.0,19.0,1899
2088,19.0,45.0,19.0,1994
2089,19.0,46.0,19.0,2020
2090,19.0,47.0,19.0,2026
2091,19.0,48.0,19.0,2028
2092,19.0,49.0,19.0,2140
2093,19.0,50.0,19.0,2185
2094,19.0,51.0,19.0,2230
2095,19.0,52.0,19.0,176
2096,19.0,53.0,19.0,2256
2097,19.0,54.0,19.0,2259
2098,19.0,55.0,19.0,2323
2099,19.0,56.0,19.0,2334
2100,19.0,57.0,19.0,2355
2101,19.0,58.0,19.0,2356
2102,19.0,59.0,19.0,2393
2103,19.0,60.0,19.0,2424
2104,19.0,61.0,19.0,2484
2105,19.0,62.0,19.0,2517
2106,19.0,63.0,19.0,2528
2107,19.0,64.0,19.0,2597
2108,19.0,65.0,19.0,2616
2109,19.0,66.0,19.0,2652
2110,19.0,75.0,19.0,1366
2111,19.0,79.0,19.0,2031
2112,19.0,84.0,19.0,540
2113,19.0,87.0,19.0,2031
2114,19.0,202.0,19.0,2031
2115,19.0,203.0,19.0,2031
2116,19.0,204.0,19.0,2031
2117,19.0,205.0,19.0,2031
2118,19.0,206.0,19.0,2031
2119,19.0,207.0,19.0,2031
2120,19.0,208.0,19.0,2031
2121,19.0,209.0,19.0,2031
2122,19.0,210.0,19.0,2031
2123,19.0,211.0,19.0,2031
2124,19.0,212.0,19.0,2031
2125,19.0,900.0,19.0,2031
2126,19.0,902.0,19.0,1578
2127,19.0,903.0,19.0,2020
2128,19.0,904.0,19.0,769
2129,19.0,905.0,19.0,1095
2130,19.0,906.0,19.0,1808
2131,19.0,907.0,19.0,2652
2132,19.0,908.0,19.0,1599
2133,19.0,910.0,19.0,1122
2134,20.0,10.0,20.0,1557
2135,20.0,1000.0,20.0,17
2136,20.0,1010.0,20.0,431
2137,20.0,1030.0,20.0,734
2138,20.0,1040.0,20.0,1255
2139,20.0,1050.0,20.0,1356
2140,20.0,1060.0,20.0,1534
2141,20.0,1070.0,20.0,1594
2142,20.0,1080.0,20.0,1756
2143,20.0,1090.0,20.0,13
2144,20.0,1110.0,20.0,124
2145,20.0,1120.0,20.0,140
2146,20.0,1130.0,20.0,183
2147,20.0,1140.0,20.0,503
2148,20.0,1150.0,20.0,544
2149,20.0,1160.0,20.0,904
2150,20.0,1170.0,20.0,1233
2151,20.0,1180.0,20.0,1275
2152,20.0,1190.0,20.0,1306
2153,20.0,1200.0,20.0,1345
2154,20.0,1210.0,20.0,1350
2155,20.0,1220.0,20.0,1435
2156,20.0,1230.0,20.0,1731
2157,20.0,1240.0,20.0,1738
2158,20.0,1250.0,20.0,1754
2159,20.0,1260.0,20.0,2111
2160,20.0,1270.0,20.0,2167
2161,20.0,1280.0,20.0,2193
2162,20.0,1290.0,20.0,2245
2163,20.0,1310.0,20.0,2319
2164,20.0,1320.0,20.0,2321
2165,20.0,1330.0,20.0,2444
2166,20.0,1350.0,20.0,62
2167,20.0,1370.0,20.0,474
2168,20.0,1380.0,20.0,717
2169,20.0,1390.0,20.0,839
2170,20.0,1420.0,20.0,1232
2171,20.0,1430.0,20.0,1416
2172,20.0,1440.0,20.0,1507
2173,20.0,1450.0,20.0,1577
2174,20.0,1470.0,20.0,1788
2175,20.0,1480.0,20.0,1795
2176,20.0,1500.0,20.0,1901
2177,20.0,1510.0,20.0,2200
2178,20.0,1520.0,20.0,2266
2179,20.0,1530.0,20.0,2282
2180,20.0,1550.0,20.0,2344
2181,20.0,1580.0,20.0,2513
2182,20.0,1590.0,20.0,2565
2183,20.0,1600.0,20.0,2575
2184,20.0,1610.0,20.0,244
2185,20.0,1620.0,20.0,814
2186,20.0,1630.0,20.0,1045
2187,21.0,1.0,21.0,1908
2188,21.0,2.0,21.0,51
2189,21.0,3.0,21.0,87
2190,21.0,4.0,21.0,229
2191,21.0,5.0,21.0,301
2192,21.0,6.0,21.0,413
2193,21.0,7.0,21.0,447
2194,21.0,8.0,21.0,508
2195,21.0,9.0,21.0,546
2196,21.0,10.0,21.0,595
2197,21.0,11.0,21.0,711
2198,21.0,12.0,21.0,760
2199,21.0,13.0,21.0,788
2200,21.0,14.0,21.0,803
2201,21.0,15.0,21.0,922
2202,21.0,16.0,21.0,1022
2203,21.0,17.0,21.0,1304
2204,21.0,18.0,21.0,1519
2205,21.0,19.0,21.0,1626
2206,21.0,20.0,21.0,1684
2207,21.0,21.0,21.0,1746
2208,21.0,22.0,21.0,1792
2209,21.0,23.0,21.0,2038
2210,21.0,24.0,21.0,2048
2211,21.0,25.0,21.0,2166
2212,21.0,26.0,21.0,2110
2213,21.0,27.0,21.0,2141
2214,21.0,28.0,21.0,2155
2215,21.0,29.0,21.0,2180
2216,21.0,30.0,21.0,2208
2217,21.0,31.0,21.0,2242
2218,21.0,32.0,21.0,2253
2219,21.0,33.0,21.0,2294
2220,21.0,34.0,21.0,2303
2221,21.0,35.0,21.0,2354
2222,21.0,36.0,21.0,2412
2223,21.0,37.0,21.0,2589
2224,21.0,38.0,21.0,2595
2225,21.0,39.0,21.0,2627
2226,21.0,40.0,21.0,406
2227,21.0,41.0,21.0,502
2228,21.0,42.0,21.0,504
2229,21.0,43.0,21.0,606
2230,21.0,44.0,21.0,779
2231,21.0,45.0,21.0,780
2232,21.0,46.0,21.0,800
2233,21.0,47.0,21.0,808
2234,21.0,48.0,21.0,818
2235,21.0,49.0,21.0,867
2236,21.0,50.0,21.0,891
2237,21.0,51.0,21.0,879
2238,21.0,52.0,21.0,925
2239,21.0,53.0,21.0,934
2240,21.0,54.0,21.0,1156
2241,21.0,55.0,21.0,1209
2242,21.0,56.0,21.0,1278
2243,21.0,57.0,21.0,1300
2244,21.0,58.0,21.0,1611
2245,21.0,59.0,21.0,1654
2246,21.0,60.0,21.0,1697
2247,21.0,61.0,21.0,1961
2248,21.0,62.0,21.0,2069
2249,21.0,63.0,21.0,2159
2250,21.0,64.0,21.0,2174
2251,21.0,65.0,21.0,2181
2252,21.0,66.0,21.0,2232
2253,21.0,67.0,21.0,2297
2254,21.0,68.0,21.0,2335
2255,21.0,69.0,21.0,2358
2256,21.0,70.0,21.0,2455
2257,21.0,71.0,21.0,2458
2258,21.0,72.0,21.0,2512
2259,21.0,73.0,21.0,2518
2260,21.0,74.0,21.0,2523
2261,21.0,75.0,21.0,2526
2262,21.0,76.0,21.0,2543
2263,21.0,77.0,21.0,2618
2264,21.0,78.0,21.0,2623
2265,21.0,79.0,21.0,133
2266,21.0,80.0,21.0,196
2267,21.0,81.0,21.0,198
2268,21.0,82.0,21.0,202
2269,21.0,83.0,21.0,336
2270,21.0,84.0,21.0,394
2271,21.0,85.0,21.0,408
2272,21.0,86.0,21.0,418
2273,21.0,87.0,21.0,469
2274,21.0,88.0,21.0,479
2275,21.0,89.0,21.0,497
2276,21.0,90.0,21.0,574
2277,21.0,91.0,21.0,592
2278,21.0,92.0,21.0,666
2279,21.0,93.0,21.0,679
2280,21.0,94.0,21.0,701
2281,21.0,95.0,21.0,801
2282,21.0,96.0,21.0,821
2283,21.0,97.0,21.0,840
2284,21.0,98.0,21.0,884
2285,21.0,99.0,21.0,886
2286,21.0,100.0,21.0,894
2287,21.0,101.0,21.0,917
2288,21.0,102.0,21.0,941
2289,21.0,103.0,21.0,962
2290,21.0,104.0,21.0,966
2291,21.0,105.0,21.0,992
2292,21.0,106.0,21.0,1063
2293,21.0,107.0,21.0,1213
2294,21.0,108.0,21.0,1318
2295,21.0,109.0,21.0,1410
2296,21.0,110.0,21.0,1415
2297,21.0,111.0,21.0,1535
2298,21.0,112.0,21.0,1556
2299,21.0,113.0,21.0,1580
2300,21.0,114.0,21.0,1609
2301,21.0,115.0,21.0,1787
2302,21.0,116.0,21.0,1870
2303,21.0,117.0,21.0,1831
2304,21.0,118.0,21.0,1855
2305,21.0,119.0,21.0,1927
2306,21.0,120.0,21.0,2094
2307,21.0,121.0,21.0,2098
2308,21.0,122.0,21.0,2183
2309,21.0,123.0,21.0,2194
2310,21.0,124.0,21.0,2195
2311,21.0,125.0,21.0,2231
2312,21.0,126.0,21.0,2286
2313,21.0,127.0,21.0,2287
2314,21.0,128.0,21.0,2307
2315,21.0,129.0,21.0,2325
2316,21.0,130.0,21.0,2341
2317,21.0,131.0,21.0,2346
2318,21.0,132.0,21.0,2353
2319,21.0,133.0,21.0,2363
2320,21.0,134.0,21.0,2405
2321,21.0,135.0,21.0,2449
2322,21.0,136.0,21.0,2450
2323,21.0,137.0,21.0,2453
2324,21.0,138.0,21.0,2476
2325,21.0,139.0,21.0,2532
2326,21.0,140.0,21.0,260
2327,21.0,141.0,21.0,520
2328,21.0,142.0,21.0,1016
2329,21.0,143.0,21.0,197
2330,21.0,144.0,21.0,556
2331,21.0,145.0,21.0,756
2332,21.0,146.0,21.0,830
2333,21.0,147.0,21.0,1997
2334,21.0,148.0,21.0,2063
2335,21.0,149.0,21.0,216
2336,21.0,150.0,21.0,460
2337,21.0,151.0,21.0,1679
2338,21.0,152.0,21.0,2345
2339,21.0,153.0,21.0,2537
2340,21.0,154.0,21.0,37
2341,21.0,155.0,21.0,1902
2342,21.0,156.0,21.0,612
2343,21.0,157.0,21.0,1740
2344,21.0,158.0,21.0,2058
2345,21.0,159.0,21.0,2492
2346,21.0,160.0,21.0,2621
2347,21.0,161.0,21.0,2089
2348,21.0,163.0,21.0,1654
2349,21.0,164.0,21.0,2522
2350,21.0,165.0,21.0,773
2351,21.0,166.0,21.0,1192
2352,21.0,1001.0,21.0,1908
2353,21.0,2001.0,21.0,1908
2354,21.0,3001.0,21.0,1908
2355,21.0,4001.0,21.0,1908
2356,21.0,5001.0,21.0,1908
2357,21.0,6001.0,21.0,1908
2358,22.0,1.0,22.0,1925
2359,22.0,2.0,22.0,189
2360,22.0,3.0,22.0,1238
2361,22.0,5.0,22.0,1250
2362,22.0,6.0,22.0,1949
2363,22.0,7.0,22.0,421
2364,22.0,8.0,22.0,796
2365,22.0,9.0,22.0,1820
2366,22.0,10.0,22.0,2062
2367,22.0,11.0,22.0,86
2368,22.0,12.0,22.0,638
2369,22.0,13.0,22.0,601
2370,22.0,14.0,22.0,2640
2371,22.0,15.0,22.0,929
2372,22.0,16.0,22.0,693
2373,22.0,17.0,22.0,64
2374,22.0,18.0,22.0,2129
2375,22.0,19.0,22.0,1360
2376,22.0,20.0,22.0,1590
2377,22.0,21.0,22.0,393
2378,22.0,22.0,22.0,2314
2379,22.0,101.0,22.0,1925
2380,22.0,501.0,22.0,1925
2381,22.0,601.0,22.0,1925
2382,22.0,603.0,22.0,1925
2383,22.0,604.0,22.0,1925
2384,22.0,904.0,22.0,1663
2385,23.0,5.0,23.0,69
2386,23.0,10.0,23.0,318
2387,23.0,20.0,23.0,535
2388,23.0,30.0,23.0,1538
2389,23.0,45.0,23.0,1669
2390,23.0,47.0,23.0,2066
2391,23.0,60.0,23.0,2304
2392,23.0,90.0,23.0,340
2393,24.0,1.0,24.0,5
2394,24.0,2.0,24.0,112
2395,24.0,3.0,24.0,128
2396,24.0,4.0,24.0,170
2397,24.0,5.0,24.0,234
2398,24.0,6.0,24.0,263
2399,24.0,7.0,24.0,310
2400,24.0,8.0,24.0,312
2401,24.0,9.0,24.0,337
2402,24.0,10.0,24.0,355
2403,24.0,11.0,24.0,377
2404,24.0,12.0,24.0,405
2405,24.0,13.0,24.0,471
2406,24.0,14.0,24.0,485
2407,24.0,15.0,24.0,509
2408,24.0,16.0,24.0,527
2409,24.0,17.0,24.0,750
2410,24.0,18.0,24.0,611
2411,24.0,19.0,24.0,657
2412,24.0,20.0,24.0,700
2413,24.0,21.0,24.0,725
2414,24.0,22.0,24.0,732
2415,24.0,23.0,24.0,844
2416,24.0,24.0,24.0,858
2417,24.0,25.0,24.0,883
2418,24.0,26.0,24.0,939
2419,24.0,27.0,24.0,987
2420,24.0,28.0,24.0,1000
2421,24.0,29.0,24.0,1028
2422,24.0,30.0,24.0,1029
2423,24.0,31.0,24.0,1033
2424,24.0,32.0,24.0,1102
2425,24.0,33.0,24.0,1106
2426,24.0,34.0,24.0,1141
2427,24.0,35.0,24.0,1185
2428,24.0,36.0,24.0,1230
2429,24.0,37.0,24.0,1253
2430,24.0,38.0,24.0,1265
2431,24.0,39.0,24.0,1292
2432,24.0,40.0,24.0,1301
2433,24.0,41.0,24.0,1365
2434,24.0,42.0,24.0,1413
2435,24.0,43.0,24.0,1499
2436,24.0,44.0,24.0,1648
2437,24.0,45.0,24.0,1677
2438,24.0,46.0,24.0,1694
2439,24.0,47.0,24.0,1702
2440,24.0,48.0,24.0,235
2441,24.0,49.0,24.0,1827
2442,24.0,50.0,24.0,1885
2443,24.0,51.0,24.0,1895
2444,24.0,52.0,24.0,1924
2445,24.0,53.0,24.0,1969
2446,24.0,54.0,24.0,2035
2447,24.0,55.0,24.0,2041
2448,24.0,56.0,24.0,2103
2449,24.0,57.0,24.0,2175
2450,24.0,58.0,24.0,2202
2451,24.0,59.0,24.0,2213
2452,24.0,60.0,24.0,2223
2453,24.0,61.0,24.0,2236
2454,24.0,62.0,24.0,2255
2455,24.0,63.0,24.0,2274
2456,24.0,64.0,24.0,2293
2457,24.0,65.0,24.0,2283
2458,24.0,66.0,24.0,2296
2459,24.0,67.0,24.0,2316
2460,24.0,68.0,24.0,2362
2461,24.0,69.0,24.0,2414
2462,24.0,70.0,24.0,2437
2463,24.0,71.0,24.0,2445
2464,24.0,72.0,24.0,2496
2465,24.0,73.0,24.0,2499
2466,24.0,74.0,24.0,2533
2467,24.0,75.0,24.0,2534
2468,24.0,76.0,24.0,2549
2469,24.0,77.0,24.0,2583
2470,24.0,78.0,24.0,2592
2471,24.0,79.0,24.0,2635
2472,24.0,80.0,24.0,2661
2473,24.0,81.0,24.0,2663
2474,24.0,82.0,24.0,844
2475,24.0,83.0,24.0,683
2476,24.0,84.0,24.0,744
2477,24.0,85.0,24.0,681
2478,24.0,86.0,24.0,1656
2479,24.0,88.0,24.0,1320
2480,24.0,90.0,24.0,844
2481,24.0,91.0,24.0,844
2482,24.0,92.0,24.0,844
2483,24.0,103.0,24.0,168
2484,24.0,104.0,24.0,203
2485,24.0,113.0,24.0,451
2486,24.0,119.0,24.0,882
2487,24.0,124.0,24.0,1074
2488,24.0,125.0,24.0,1130
2489,24.0,126.0,24.0,1147
2490,24.0,135.0,24.0,1561
2491,24.0,139.0,24.0,1909
2492,24.0,141.0,24.0,1946
2493,24.0,143.0,24.0,2033
2494,24.0,144.0,24.0,2034
2495,24.0,159.0,24.0,190
2496,24.0,163.0,24.0,531
2497,24.0,166.0,24.0,854
2498,24.0,167.0,24.0,880
2499,24.0,189.0,24.0,2154
2500,24.0,218.0,24.0,588
2501,24.0,235.0,24.0,961
2502,24.0,242.0,24.0,1061
2503,24.0,256.0,24.0,1491
2504,24.0,282.0,24.0,1219
2505,25.0,1.0,25.0,148
2506,25.0,2.0,25.0,148
2507,25.0,3.0,25.0,148
2508,25.0,4.0,25.0,148
2509,25.0,5.0,25.0,148
2510,25.0,6.0,25.0,148
2511,25.0,7.0,25.0,148
2512,25.0,8.0,25.0,148
2513,25.0,9.0,25.0,148
2514,25.0,10.0,25.0,148
2515,25.0,20.0,25.0,1587
2516,25.0,21.0,25.0,1587
2517,25.0,22.0,25.0,1587
2518,25.0,30.0,25.0,2215
2519,25.0,31.0,25.0,2215
2520,25.0,40.0,25.0,802
2521,25.0,50.0,25.0,1076
2522,25.0,60.0,25.0,1291
2523,25.0,100.0,25.0,144
2524,25.0,101.0,25.0,100
2525,25.0,102.0,25.0,178
2526,25.0,103.0,25.0,184
2527,25.0,104.0,25.0,261
2528,25.0,105.0,25.0,347
2529,25.0,106.0,25.0,367
2530,25.0,107.0,25.0,470
2531,25.0,108.0,25.0,505
2532,25.0,109.0,25.0,507
2533,25.0,110.0,25.0,523
2534,25.0,111.0,25.0,553
2535,25.0,112.0,25.0,566
2536,25.0,113.0,25.0,598
2537,25.0,114.0,25.0,706
2538,25.0,115.0,25.0,724
2539,25.0,116.0,25.0,751
2540,25.0,117.0,25.0,828
2541,25.0,118.0,25.0,868
2542,25.0,119.0,25.0,877
2543,25.0,120.0,25.0,887
2544,25.0,121.0,25.0,915
2545,25.0,122.0,25.0,1023
2546,25.0,123.0,25.0,1036
2547,25.0,124.0,25.0,1077
2548,25.0,125.0,25.0,1082
2549,25.0,126.0,25.0,1150
2550,25.0,127.0,25.0,1227
2551,25.0,128.0,25.0,1228
2552,25.0,129.0,25.0,1315
2553,25.0,130.0,25.0,1351
2554,25.0,131.0,25.0,1372
2555,25.0,132.0,25.0,1374
2556,25.0,133.0,25.0,1436
2557,25.0,134.0,25.0,1495
2558,25.0,135.0,25.0,1505
2559,25.0,136.0,25.0,1549
2560,25.0,137.0,25.0,1584
2561,25.0,138.0,25.0,1585
2562,25.0,139.0,25.0,1586
2563,25.0,140.0,25.0,1583
2564,25.0,141.0,25.0,1567
2565,25.0,142.0,25.0,1670
2566,25.0,143.0,25.0,1773
2567,25.0,144.0,25.0,1781
2568,25.0,145.0,25.0,1830
2569,25.0,146.0,25.0,1846
2570,25.0,147.0,25.0,1877
2571,25.0,148.0,25.0,1878
2572,25.0,149.0,25.0,1911
2573,25.0,150.0,25.0,1959
2574,25.0,151.0,25.0,2000
2575,25.0,152.0,25.0,2005
2576,25.0,153.0,25.0,2018
2577,25.0,154.0,25.0,2068
2578,25.0,155.0,25.0,2083
2579,25.0,156.0,25.0,2151
2580,25.0,157.0,25.0,2168
2581,25.0,158.0,25.0,2176
2582,25.0,159.0,25.0,2224
2583,25.0,160.0,25.0,2238
2584,25.0,161.0,25.0,2311
2585,25.0,162.0,25.0,2397
2586,25.0,163.0,25.0,2404
2587,25.0,164.0,25.0,2125
2588,25.0,165.0,25.0,2475
2589,25.0,166.0,25.0,2503
2590,25.0,167.0,25.0,2507
2591,25.0,168.0,25.0,2566
2592,26.0,0.0,26.0,2322
2593,26.0,1.0,26.0,2322
2594,26.0,2.0,26.0,2322
2595,26.0,3.0,26.0,2322
2596,26.0,4.0,26.0,2322
2597,26.0,5.0,26.0,2322
2598,26.0,6.0,26.0,2322
2599,26.0,7.0,26.0,2322
2600,26.0,8.0,26.0,2322
2601,26.0,9.0,26.0,2322
2602,26.0,10.0,26.0,2322
2603,26.0,11.0,26.0,2322
2604,26.0,12.0,26.0,2322
2605,26.0,13.0,26.0,2322
2606,26.0,14.0,26.0,2322
2607,26.0,15.0,26.0,2322
2608,26.0,16.0,26.0,2322
2609,26.0,17.0,26.0,2322
2610,26.0,18.0,26.0,2322
2611,26.0,19.0,26.0,97
2612,26.0,20.0,26.0,2322
2613,26.0,21.0,26.0,2322
2614,26.0,22.0,26.0,101
2615,26.0,24.0,26.0,117
2616,26.0,25.0,26.0,119
2617,26.0,28.0,26.0,136
2618,26.0,30.0,26.0,139
2619,26.0,32.0,26.0,150
2620,26.0,35.0,26.0,34
2621,26.0,37.0,26.0,171
2622,26.0,38.0,26.0,172
2623,26.0,40.0,26.0,98
2624,26.0,42.0,26.0,68
2625,26.0,45.0,26.0,201
2626,26.0,47.0,26.0,208
2627,26.0,48.0,26.0,212
2628,26.0,50.0,26.0,2322
2629,26.0,52.0,26.0,2322
2630,26.0,53.0,26.0,2322
2631,26.0,58.0,26.0,38
2632,26.0,59.0,26.0,238
2633,26.0,60.0,26.0,218
2634,26.0,62.0,26.0,249
2635,26.0,63.0,26.0,250
2636,26.0,66.0,26.0,271
2637,26.0,67.0,26.0,350
2638,26.0,68.0,26.0,275
2639,26.0,69.0,26.0,276
2640,26.0,70.0,26.0,280
2641,26.0,71.0,26.0,282
2642,26.0,72.0,26.0,284
2643,26.0,73.0,26.0,223
2644,26.0,75.0,26.0,303
2645,26.0,76.0,26.0,311
2646,26.0,79.0,26.0,353
2647,26.0,80.0,26.0,403
2648,26.0,81.0,26.0,19
2649,26.0,82.0,26.0,325
2650,26.0,83.0,26.0,32
2651,26.0,84.0,26.0,465
2652,26.0,85.0,26.0,2322
2653,26.0,86.0,26.0,2322
2654,26.0,87.0,26.0,2322
2655,26.0,88.0,26.0,2322
2656,26.0,89.0,26.0,2322
2657,26.0,90.0,26.0,2322
2658,26.0,91.0,26.0,1492
2659,26.0,93.0,26.0,953
2660,26.0,94.0,26.0,372
2661,26.0,95.0,26.0,374
2662,26.0,97.0,26.0,386
2663,26.0,99.0,26.0,356
2664,26.0,100.0,26.0,2322
2665,26.0,101.0,26.0,407
2666,26.0,102.0,26.0,414
2667,26.0,103.0,26.0,422
2668,26.0,104.0,26.0,428
2669,26.0,106.0,26.0,432
2670,26.0,108.0,26.0,433
2671,26.0,111.0,26.0,436
2672,26.0,114.0,26.0,465
2673,26.0,115.0,26.0,475
2674,26.0,116.0,26.0,483
2675,26.0,118.0,26.0,489
2676,26.0,120.0,26.0,500
2677,26.0,123.0,26.0,519
2678,26.0,125.0,26.0,532
2679,26.0,126.0,26.0,537
2680,26.0,127.0,26.0,541
2681,26.0,128.0,26.0,547
2682,26.0,129.0,26.0,572
2683,26.0,132.0,26.0,586
2684,26.0,136.0,26.0,603
2685,26.0,137.0,26.0,604
2686,26.0,140.0,26.0,613
2687,26.0,142.0,26.0,633
2688,26.0,144.0,26.0,654
2689,26.0,145.0,26.0,655
2690,26.0,146.0,26.0,672
2691,26.0,150.0,26.0,692
2692,26.0,152.0,26.0,696
2693,26.0,153.0,26.0,699
2694,26.0,156.0,26.0,716
2695,26.0,157.0,26.0,719
2696,26.0,159.0,26.0,726
2697,26.0,160.0,26.0,743
2698,26.0,161.0,26.0,745
2699,26.0,165.0,26.0,754
2700,26.0,168.0,26.0,766
2701,26.0,169.0,26.0,767
2702,26.0,172.0,26.0,775
2703,26.0,177.0,26.0,1128
2704,26.0,180.0,26.0,798
2705,26.0,185.0,26.0,807
2706,26.0,187.0,26.0,819
2707,26.0,189.0,26.0,831
2708,26.0,191.0,26.0,832
2709,26.0,196.0,26.0,859
2710,26.0,197.0,26.0,862
2711,26.0,198.0,26.0,865
2712,26.0,200.0,26.0,872
2713,26.0,201.0,26.0,878
2714,26.0,204.0,26.0,888
2715,26.0,205.0,26.0,890
2716,26.0,210.0,26.0,927
2717,26.0,213.0,26.0,935
2718,26.0,218.0,26.0,947
2719,26.0,219.0,26.0,948
2720,26.0,220.0,26.0,950
2721,26.0,222.0,26.0,952
2722,26.0,223.0,26.0,953
2723,26.0,224.0,26.0,954
2724,26.0,229.0,26.0,967
2725,26.0,233.0,26.0,974
2726,26.0,236.0,26.0,994
2727,26.0,238.0,26.0,997
2728,26.0,240.0,26.0,1006
2729,26.0,242.0,26.0,1009
2730,26.0,244.0,26.0,1018
2731,26.0,246.0,26.0,1025
2732,26.0,247.0,26.0,1026
2733,26.0,248.0,26.0,1034
2734,26.0,252.0,26.0,1047
2735,26.0,257.0,26.0,1058
2736,26.0,262.0,26.0,1079
2737,26.0,263.0,26.0,1099
2738,26.0,264.0,26.0,1107
2739,26.0,266.0,26.0,1118
2740,26.0,268.0,26.0,1128
2741,26.0,269.0,26.0,1135
2742,26.0,270.0,26.0,1136
2743,26.0,271.0,26.0,1137
2744,26.0,272.0,26.0,1140
2745,26.0,274.0,26.0,1148
2746,26.0,275.0,26.0,1152
2747,26.0,278.0,26.0,1154
2748,26.0,279.0,26.0,1161
2749,26.0,280.0,26.0,1163
2750,26.0,281.0,26.0,1164
2751,26.0,282.0,26.0,1165
2752,26.0,283.0,26.0,1173
2753,26.0,286.0,26.0,1177
2754,26.0,288.0,26.0,1187
2755,26.0,291.0,26.0,1194
2756,26.0,292.0,26.0,1199
2757,26.0,294.0,26.0,1205
2758,26.0,296.0,26.0,1217
2759,26.0,297.0,26.0,1221
2760,26.0,299.0,26.0,1225
2761,26.0,300.0,26.0,1236
2762,26.0,301.0,26.0,1237
2763,26.0,302.0,26.0,1241
2764,26.0,306.0,26.0,1267
2765,26.0,309.0,26.0,1279
2766,26.0,311.0,26.0,1281
2767,26.0,312.0,26.0,1283
2768,26.0,315.0,26.0,1313
2769,26.0,318.0,26.0,1321
2770,26.0,319.0,26.0,1322
2771,26.0,320.0,26.0,1328
2772,26.0,322.0,26.0,1334
2773,26.0,323.0,26.0,1338
2774,26.0,326.0,26.0,1342
2775,26.0,333.0,26.0,1355
2776,26.0,334.0,26.0,1357
2777,26.0,337.0,26.0,1368
2778,26.0,338.0,26.0,1369
2779,26.0,341.0,26.0,1399
2780,26.0,344.0,26.0,1430
2781,26.0,346.0,26.0,1434
2782,26.0,347.0,26.0,1440
2783,26.0,348.0,26.0,1450
2784,26.0,352.0,26.0,1467
2785,26.0,355.0,26.0,1474
2786,26.0,356.0,26.0,1482
2787,26.0,357.0,26.0,1484
2788,26.0,358.0,26.0,1486
2789,26.0,360.0,26.0,1490
2790,26.0,361.0,26.0,1492
2791,26.0,362.0,26.0,1493
2792,26.0,363.0,26.0,1494
2793,26.0,366.0,26.0,1500
2794,26.0,368.0,26.0,1508
2795,26.0,369.0,26.0,1509
2796,26.0,370.0,26.0,1510
2797,26.0,372.0,26.0,1514
2798,26.0,374.0,26.0,1531
2799,26.0,382.0,26.0,1570
2800,26.0,383.0,26.0,1572
2801,26.0,390.0,26.0,1600
2802,26.0,394.0,26.0,1606
2803,26.0,396.0,26.0,1627
2804,26.0,397.0,26.0,1633
2805,26.0,400.0,26.0,1640
2806,26.0,404.0,26.0,1647
2807,26.0,405.0,26.0,1653
2808,26.0,407.0,26.0,1655
2809,26.0,408.0,26.0,1660
2810,26.0,411.0,26.0,1666
2811,26.0,412.0,26.0,1676
2812,26.0,414.0,26.0,1685
2813,26.0,415.0,26.0,1693
2814,26.0,416.0,26.0,1700
2815,26.0,417.0,26.0,1708
2816,26.0,418.0,26.0,1712
2817,26.0,420.0,26.0,1723
2818,26.0,424.0,26.0,1735
2819,26.0,426.0,26.0,1752
2820,26.0,428.0,26.0,1759
2821,26.0,430.0,26.0,1764
2822,26.0,431.0,26.0,1770
2823,26.0,434.0,26.0,1778
2824,26.0,435.0,26.0,1779
2825,26.0,438.0,26.0,1794
2826,26.0,439.0,26.0,1800
2827,26.0,441.0,26.0,1803
2828,26.0,443.0,26.0,1814
2829,26.0,444.0,26.0,1816
2830,26.0,445.0,26.0,1823
2831,26.0,447.0,26.0,1828
2832,26.0,449.0,26.0,1837
2833,26.0,450.0,26.0,1838
2834,26.0,451.0,26.0,1840
2835,26.0,452.0,26.0,1844
2836,26.0,453.0,26.0,1845
2837,26.0,456.0,26.0,1853
2838,26.0,457.0,26.0,1854
2839,26.0,458.0,26.0,1856
2840,26.0,459.0,26.0,1863
2841,26.0,462.0,26.0,1872
2842,26.0,464.0,26.0,1886
2843,26.0,466.0,26.0,1891
2844,26.0,470.0,26.0,1897
2845,26.0,471.0,26.0,1916
2846,26.0,472.0,26.0,1917
2847,26.0,474.0,26.0,1931
2848,26.0,477.0,26.0,1936
2849,26.0,480.0,26.0,1941
2850,26.0,481.0,26.0,1944
2851,26.0,482.0,26.0,1951
2852,26.0,483.0,26.0,1952
2853,26.0,484.0,26.0,1958
2854,26.0,486.0,26.0,1962
2855,26.0,488.0,26.0,1967
2856,26.0,491.0,26.0,1978
2857,26.0,493.0,26.0,1988
2858,26.0,495.0,26.0,1989
2859,26.0,498.0,26.0,2009
2860,26.0,505.0,26.0,2014
2861,26.0,506.0,26.0,2015
2862,26.0,510.0,26.0,2027
2863,26.0,511.0,26.0,2029
2864,26.0,512.0,26.0,2037
2865,26.0,515.0,26.0,2067
2866,26.0,516.0,26.0,2072
2867,26.0,523.0,26.0,2082
2868,26.0,526.0,26.0,2091
2869,26.0,531.0,26.0,2097
2870,26.0,533.0,26.0,2099
2871,26.0,534.0,26.0,2102
2872,26.0,538.0,26.0,2105
2873,26.0,539.0,26.0,2109
2874,26.0,541.0,26.0,2112
2875,26.0,543.0,26.0,2123
2876,26.0,547.0,26.0,2147
2877,26.0,549.0,26.0,2152
2878,26.0,553.0,26.0,2178
2879,26.0,554.0,26.0,2179
2880,26.0,562.0,26.0,2198
2881,26.0,563.0,26.0,2201
2882,26.0,564.0,26.0,2206
2883,26.0,565.0,26.0,2211
2884,26.0,566.0,26.0,2214
2885,26.0,568.0,26.0,2257
2886,26.0,572.0,26.0,2272
2887,26.0,575.0,26.0,2289
2888,26.0,576.0,26.0,2290
2889,26.0,577.0,26.0,2291
2890,26.0,579.0,26.0,2302
2891,26.0,581.0,26.0,2306
2892,26.0,582.0,26.0,2310
2893,26.0,584.0,26.0,2326
2894,26.0,586.0,26.0,2331
2895,26.0,587.0,26.0,2340
2896,26.0,588.0,26.0,2333
2897,26.0,589.0,26.0,2342
2898,26.0,590.0,26.0,2349
2899,26.0,595.0,26.0,2377
2900,26.0,596.0,26.0,2381
2901,26.0,597.0,26.0,2389
2902,26.0,601.0,26.0,2409
2903,26.0,602.0,26.0,2416
2904,26.0,604.0,26.0,2422
2905,26.0,606.0,26.0,2426
2906,26.0,607.0,26.0,2428
2907,26.0,609.0,26.0,2431
2908,26.0,614.0,26.0,2440
2909,26.0,615.0,26.0,2442
2910,26.0,619.0,26.0,2460
2911,26.0,620.0,26.0,2461
2912,26.0,624.0,26.0,2466
2913,26.0,625.0,26.0,2468
2914,26.0,627.0,26.0,2477
2915,26.0,629.0,26.0,2495
2916,26.0,634.0,26.0,2520
2917,26.0,637.0,26.0,2540
2918,26.0,638.0,26.0,2545
2919,26.0,642.0,26.0,2558
2920,26.0,646.0,26.0,2578
2921,26.0,648.0,26.0,2591
2922,26.0,650.0,26.0,2600
2923,26.0,651.0,26.0,2602
2924,26.0,653.0,26.0,2604
2925,26.0,654.0,26.0,2605
2926,26.0,655.0,26.0,2615
2927,26.0,659.0,26.0,2641
2928,26.0,660.0,26.0,2642
2929,26.0,663.0,26.0,2653
2930,26.0,664.0,26.0,2654
2931,26.0,665.0,26.0,1951
2932,26.0,666.0,26.0,199
2933,26.0,667.0,26.0,1205
2934,26.0,668.0,26.0,2389
2935,26.0,669.0,26.0,1897
2936,26.0,670.0,26.0,1205
2937,26.0,671.0,26.0,1640
2938,26.0,672.0,26.0,2466
2939,26.0,673.0,26.0,845
2940,26.0,674.0,26.0,208
2941,26.0,675.0,26.0,2290
2942,26.0,676.0,26.0,1482
2943,26.0,677.0,26.0,969
2944,26.0,678.0,26.0,250
2945,26.0,679.0,26.0,1183
2946,26.0,680.0,26.0,1128
2947,26.0,681.0,26.0,1340
2948,26.0,682.0,26.0,1509
2949,26.0,683.0,26.0,1764
2950,26.0,684.0,26.0,238
2951,26.0,685.0,26.0,1128
2952,26.0,686.0,26.0,414
2953,26.0,687.0,26.0,1800
2954,26.0,688.0,26.0,208
2955,26.0,689.0,26.0,2112
2956,26.0,690.0,26.0,2654
2957,26.0,691.0,26.0,385
2958,26.0,692.0,26.0,2009
2959,26.0,693.0,26.0,2466
2960,26.0,694.0,26.0,1838
2961,26.0,695.0,26.0,1564
2962,26.0,696.0,26.0,1665
2963,26.0,697.0,26.0,1221
2964,26.0,698.0,26.0,1848
2965,26.0,699.0,26.0,2088
2966,26.0,700.0,26.0,1640
2967,26.0,701.0,26.0,994
2968,26.0,702.0,26.0,2322
2969,26.0,703.0,26.0,2322
2970,26.0,704.0,26.0,2322
2971,26.0,710.0,26.0,2322
2972,26.0,990.0,26.0,2322
2973,27.0,1.0,27.0,1683
2974,27.0,2.0,27.0,59
2975,27.0,3.0,27.0,88
2976,27.0,4.0,27.0,107
2977,27.0,5.0,27.0,156
2978,27.0,6.0,27.0,157
2979,27.0,7.0,27.0,158
2980,27.0,8.0,27.0,160
2981,27.0,9.0,27.0,164
2982,27.0,10.0,27.0,195
2983,27.0,11.0,27.0,214
2984,27.0,12.0,27.0,221
2985,27.0,13.0,27.0,225
2986,27.0,14.0,27.0,634
2987,27.0,15.0,27.0,636
2988,27.0,16.0,27.0,703
2989,27.0,17.0,27.0,748
2990,27.0,18.0,27.0,835
2991,27.0,19.0,27.0,836
2992,27.0,20.0,27.0,851
2993,27.0,21.0,27.0,907
2994,27.0,22.0,27.0,938
2995,27.0,23.0,27.0,960
2996,27.0,24.0,27.0,1087
2997,27.0,25.0,27.0,1098
2998,27.0,26.0,27.0,1475
2999,27.0,27.0,27.0,1483
3000,27.0,28.0,27.0,1560
3001,27.0,29.0,27.0,1621
3002,27.0,30.0,27.0,1691
3003,27.0,31.0,27.0,1715
3004,27.0,33.0,27.0,1782
3005,27.0,34.0,27.0,1789
3006,27.0,35.0,27.0,1865
3007,27.0,36.0,27.0,1893
3008,27.0,37.0,27.0,1921
3009,27.0,38.0,27.0,2435
3010,27.0,39.0,27.0,2504
3011,27.0,40.0,27.0,2505
3012,27.0,41.0,27.0,2655
3013,27.0,42.0,27.0,2659
